FeatureID,Covariate,Log2(FC),SE,W,pvalue,qvalue,Signif
[Bacteroides] pectinophilus,Intercept,0.16735659583904727,0.19380324010400887,0.8635386887713105,0.38784135735027914,0.43821036479836734,False
[Bacteroides] pectinophilus,study_condition[T.adenoma],0.45701562789980676,0.37461069495801963,1.219974854030854,0.2224744075346995,0.7660966326464624,False
[Bacteroides] pectinophilus,study_condition[T.CRC],0.01201418326836479,0.2805260808711283,0.04282733081735819,0.9658391771307044,0.9794862504790072,False
[Clostridium] innocuum,Intercept,1.0460699137697684,0.2409031401639587,4.342284260212686,1.4100892558498893e-05,3.573138793949719e-05,True
[Clostridium] innocuum,study_condition[T.adenoma],-0.1389713864781317,0.37273098854656145,-0.3728463442764471,0.7092628080737327,0.9653855482091309,False
[Clostridium] innocuum,study_condition[T.CRC],0.2828873495825433,0.410274432081501,0.6895076257794874,0.49050387602373346,0.7465603198429984,False
[Clostridium] leptum,Intercept,1.9330640067774905,0.20121100648627335,9.607148438519264,7.458594711754245e-22,4.527193534343856e-21,True
[Clostridium] leptum,study_condition[T.adenoma],-0.12748478564399993,0.34055728823516757,-0.37434167480205827,0.7081501302153521,0.9653855482091309,False
[Clostridium] leptum,study_condition[T.CRC],-0.38713434376791933,0.3157633689812874,-1.2260267713031068,0.22018860075993618,0.5370955588630218,False
[Clostridium] methylpentosum,Intercept,-0.21604460811473736,0.05667087179181271,-3.8122690067024787,0.0001376968946439086,0.0003045668601869504,True
[Clostridium] methylpentosum,study_condition[T.adenoma],0.017880218477895907,0.083210891869367,0.21487834195992164,0.8298621710907819,0.9653855482091309,False
[Clostridium] methylpentosum,study_condition[T.CRC],0.14963017628959274,0.1336923922041574,1.119212348755771,0.2630495585007605,0.5818299556669364,False
[Clostridium] scindens,Intercept,0.035106160248011165,0.11449190349876254,0.3066257016889461,0.7591282883008548,0.7957127841225827,False
[Clostridium] scindens,study_condition[T.adenoma],-0.16092984368957466,0.14021114678926758,-1.1477678299817815,0.2510644210578309,0.8190976737011734,False
[Clostridium] scindens,study_condition[T.CRC],-0.12872089155921662,0.16737888651099433,-0.7690390003327066,0.4418701584829773,0.725334033736208,False
[Clostridium] spiroforme,Intercept,0.8190452722619295,0.23623511336676886,3.467076763437422,0.0005261516077546691,0.0009739402100990682,True
[Clostridium] spiroforme,study_condition[T.adenoma],-0.13953068126760018,0.3498946439778826,-0.3987791287151573,0.6900559570369431,0.9653855482091309,False
[Clostridium] spiroforme,study_condition[T.CRC],-0.48342812840971466,0.31669112528858984,-1.5264972391290823,0.12688607750163683,0.44753062470171906,False
[Clostridium] symbiosum,Intercept,0.4540200306025479,0.1739972019713805,2.6093524807210766,0.009071374909005253,0.014262824405122717,True
[Clostridium] symbiosum,study_condition[T.adenoma],-0.13179654874819657,0.25038748372257474,-0.526370355214021,0.5986309087527799,0.9399774114087164,False
[Clostridium] symbiosum,study_condition[T.CRC],1.0847222697697794,0.3757440258185281,2.886864980505809,0.003891011661402275,0.054192495676470956,False
[Eubacterium] brachy,Intercept,-0.12039475834427371,0.0762177461924452,-1.5796158291047366,0.11419487200313536,0.14828289349660861,False
[Eubacterium] brachy,study_condition[T.adenoma],0.04694221604131517,0.13159759441857263,0.35671028979455355,0.7213087015186781,0.9653855482091309,False
[Eubacterium] brachy,study_condition[T.CRC],0.017992896446990984,0.12542151393918244,0.14345941044624796,0.8859273653836209,0.9487685892591684,False
[Eubacterium] infirmum,Intercept,-0.22214762315872605,0.046877816362887605,-4.738864571656897,2.149190765999224e-06,5.9046188413241835e-06,True
[Eubacterium] infirmum,study_condition[T.adenoma],0.05277588201844598,0.06921321336169282,0.7625116571694336,0.4457546884127257,0.8747516817723414,False
[Eubacterium] infirmum,study_condition[T.CRC],0.16146011215779044,0.12443012133013434,1.2975966786161786,0.19442596408327473,0.5157961472763976,False
[Eubacterium] rectale,Intercept,5.908005937710977,0.3548618339157917,16.648749944500764,3.0898920129204603e-62,4.743893031601413e-61,True
[Eubacterium] rectale,study_condition[T.adenoma],0.5249274117596592,0.5193839347167903,1.010673177725244,0.312172878758436,0.8487200141244979,False
[Eubacterium] rectale,study_condition[T.CRC],-1.606875308898633,0.5407933143640438,-2.9713298338169523,0.002965131422408205,0.04552348830873774,True
[Eubacterium] siraeum,Intercept,3.0011537888817426,0.35621978718054403,8.42500584438522,3.607322427107352e-17,1.7118384608636708e-16,True
[Eubacterium] siraeum,study_condition[T.adenoma],0.17618247908142945,0.5497046659326081,0.32050388144791336,0.7485863884622734,0.9653855482091309,False
[Eubacterium] siraeum,study_condition[T.CRC],0.5621180146139948,0.5437164321328878,1.03384408010058,0.30120906068385456,0.613964618188216,False
[Eubacterium] sulci,Intercept,0.452250617643676,0.1350007227199715,3.3499866410476025,0.0008081545788309112,0.00145467824189564,True
[Eubacterium] sulci,study_condition[T.adenoma],-0.06348048964126411,0.1998614239762411,-0.31762252253746814,0.7507712876736803,0.9653855482091309,False
[Eubacterium] sulci,study_condition[T.CRC],-0.06703352861933465,0.19690337982294692,-0.3404386896741456,0.7335261866454383,0.8977374452784894,False
[Ruminococcus] gnavus,Intercept,2.4690356597325476,0.35345870187390943,6.985358251593804,2.8413000580351174e-12,1.1587176799174463e-11,True
[Ruminococcus] gnavus,study_condition[T.adenoma],0.009938621722739087,0.5613318312154414,0.017705430495931745,0.9858738484184587,0.9923681364405078,False
[Ruminococcus] gnavus,study_condition[T.CRC],0.1260856208584984,0.5491504404890936,0.22960123777047672,0.81840164496754,0.9327634468844015,False
[Ruminococcus] lactaris,Intercept,2.4935003090654,0.4096935352269173,6.086257396481306,1.1558057542558054e-09,4.189795859177294e-09,True
[Ruminococcus] lactaris,study_condition[T.adenoma],1.522859256602543,0.6124724998719827,2.486412462471126,0.012903831125360206,0.3492916184404706,False
[Ruminococcus] lactaris,study_condition[T.CRC],0.03491241266366818,0.5707196133543154,0.061172617598466476,0.9512217368712818,0.9786411539528008,False
[Ruminococcus] torques,Intercept,5.023568921956383,0.371513465575325,13.521902669602822,1.1613282544868782e-41,1.1657949016195201e-40,True
[Ruminococcus] torques,study_condition[T.adenoma],-0.39034906477764497,0.5516388989796677,-0.7076170036225681,0.4791831306747246,0.8933342650435938,False
[Ruminococcus] torques,study_condition[T.CRC],-0.6243359004455482,0.5527689998221981,-1.1294698158658862,0.2586996956782177,0.5818299556669364,False
Acidaminococcus fermentans,Intercept,0.4603671994652263,0.23564235638713368,1.953669138789697,0.050740358281354175,0.07197409517083392,False
Acidaminococcus fermentans,study_condition[T.adenoma],-0.07619245741311255,0.3622992684382981,-0.2103025428164468,0.8334315507862204,0.9653855482091309,False
Acidaminococcus fermentans,study_condition[T.CRC],0.13021356070272924,0.38632805759829864,0.3370543716452623,0.7360759129869607,0.8977374452784894,False
Acidaminococcus intestini,Intercept,0.27133100722494596,0.2095797520646773,1.294643230330819,0.19544333200605035,0.24175691778947458,False
Acidaminococcus intestini,study_condition[T.adenoma],0.33276188063009715,0.3583577475375548,0.9285745401534112,0.3531096213120669,0.8595186744353119,False
Acidaminococcus intestini,study_condition[T.CRC],0.46545566405740135,0.3780324021606278,1.2312586471347686,0.21822614298113674,0.5370955588630218,False
Actinomyces graevenitzii,Intercept,-0.1747972697136131,0.053459089315229726,-3.269739008887603,0.0010764675421870442,0.0018983650575055307,True
Actinomyces graevenitzii,study_condition[T.adenoma],0.19453682183535326,0.16918137737675384,1.1498713679469272,0.25019685520302604,0.8190976737011734,False
Actinomyces graevenitzii,study_condition[T.CRC],0.07036308303871908,0.1102217149252036,0.6383776834398506,0.5232278544428419,0.7629188268691717,False
Actinomyces naeslundii,Intercept,-0.16193885152064702,0.08052921192443513,-2.010933022324904,0.04433253176985411,0.06357577358204354,False
Actinomyces naeslundii,study_condition[T.adenoma],-0.06553598724800212,0.10746782459771174,-0.6098196133896391,0.5419813075268045,0.9368021275794436,False
Actinomyces naeslundii,study_condition[T.CRC],-0.08804170396579025,0.11311920266126065,-0.7783090924839187,0.43638681650386346,0.725334033736208,False
Actinomyces oris,Intercept,0.1589996713621673,0.13998227505540242,1.1358557453023117,0.2560169421973293,0.30427919503785433,False
Actinomyces oris,study_condition[T.adenoma],-0.16341331504739226,0.18208769789481155,-0.8974429186412851,0.3694826195326727,0.8595186744353119,False
Actinomyces oris,study_condition[T.CRC],-0.3571553882956079,0.15999718465617319,-2.2322604554768817,0.025597753839830272,0.18558371533876947,False
Actinomyces sp. HMSC035G02,Intercept,-0.06824386856890641,0.11922131494039548,-0.5724133189021177,0.5670419947384697,0.6115618207716553,False
Actinomyces sp. HMSC035G02,study_condition[T.adenoma],0.14028212491834707,0.16516361545335434,0.8493524710832313,0.39568519181649864,0.8595186744353119,False
Actinomyces sp. HMSC035G02,study_condition[T.CRC],0.11201960433287117,0.1593541337342811,0.7029601410884073,0.4820805896965712,0.7445149935550597,False
Actinomyces sp. HPA0247,Intercept,-0.1197894401396642,0.0659018774483506,-1.8176938924622745,0.06911093175727848,0.09594655951409406,False
Actinomyces sp. HPA0247,study_condition[T.adenoma],-0.05290502198945925,0.09992108896787381,-0.5294680285807237,0.5964808174122264,0.9399774114087164,False
Actinomyces sp. HPA0247,study_condition[T.CRC],0.027562078243751457,0.11263621528023818,0.24469996772509786,0.8066887530332343,0.9275143812408553,False
Actinomyces sp. ICM47,Intercept,0.5428252423467104,0.15603089353854024,3.478960031800564,0.000503363655033242,0.0009384136711691155,True
Actinomyces sp. ICM47,study_condition[T.adenoma],0.2595975242175617,0.27413380624139144,0.9469737708634532,0.34365214457712057,0.8595186744353119,False
Actinomyces sp. ICM47,study_condition[T.CRC],-0.2947667909932965,0.20956661615138653,-1.4065541373267352,0.15955964072220408,0.4856072419876522,False
Actinomyces sp. oral taxon 181,Intercept,-0.22959112906007384,0.06671715978404824,-3.441260536318094,0.0005790107234228227,0.001064238019812371,True
Actinomyces sp. oral taxon 181,study_condition[T.adenoma],0.1851845230228978,0.10453390558339391,1.771525917733585,0.07647328669318706,0.6252298761677587,False
Actinomyces sp. oral taxon 181,study_condition[T.CRC],0.21689334703081087,0.11740867508177243,1.847336637431175,0.06469836617410166,0.3127087698414913,False
Actinomyces sp. oral taxon 448,Intercept,-0.0911234347239418,0.09622195981920913,-0.9470128741417561,0.3436322187491443,0.3986133737490074,False
Actinomyces sp. oral taxon 448,study_condition[T.adenoma],-0.13214686279500484,0.10527711181362771,-1.2552288006242487,0.20939571322786188,0.7484641029798065,False
Actinomyces sp. oral taxon 448,study_condition[T.CRC],-0.16620275753543112,0.11786968086510363,-1.4100552094108276,0.15852338147164668,0.4856072419876522,False
Actinomyces sp. S6-Spd3,Intercept,-0.07101132729917126,0.07338439800229847,-0.9676624627614594,0.33321297084613544,0.3882526133519703,False
Actinomyces sp. S6-Spd3,study_condition[T.adenoma],0.022131847721284806,0.1846535719879552,0.1198560498073032,0.904597180588959,0.9653855482091309,False
Actinomyces sp. S6-Spd3,study_condition[T.CRC],-0.005223939284125231,0.12211177585929582,-0.04277997963230469,0.9658769233159564,0.9794862504790072,False
Adlercreutzia caecimuris,Intercept,0.20556838549672918,0.13913195730738856,1.4775066021860137,0.13953988984330007,0.17852897671128096,False
Adlercreutzia caecimuris,study_condition[T.adenoma],-0.09582269323980068,0.20293920383758318,-0.4721743824149904,0.6368023233888119,0.956207132699844,False
Adlercreutzia caecimuris,study_condition[T.CRC],-0.09779990302602837,0.18218429713742298,-0.536818510501249,0.5913929842167984,0.81553828800206,False
Adlercreutzia equolifaciens,Intercept,1.9857161984906337,0.2922892514392063,6.793668219796464,1.0931763320850834e-11,4.258492875734429e-11,True
Adlercreutzia equolifaciens,study_condition[T.adenoma],0.45943352110001384,0.43195641276343644,1.063610835548876,0.28750503173604136,0.8487200141244979,False
Adlercreutzia equolifaciens,study_condition[T.CRC],-0.07099228625646958,0.4125112126068389,-0.17209783416028443,0.8633606154505454,0.9405279416782631,False
Aeriscardovia aeriphila,Intercept,0.028303045071874422,0.08386047029278172,0.33750162589191446,0.7357387866884688,0.7743057392164934,False
Aeriscardovia aeriphila,study_condition[T.adenoma],-0.10137758424044443,0.11984550523583884,-0.8459022642605396,0.39760726927044965,0.8595186744353119,False
Aeriscardovia aeriphila,study_condition[T.CRC],-0.21590970587366554,0.10781057330891085,-2.0026765394801957,0.045212018522523725,0.25210446907992723,False
Agathobaculum butyriciproducens,Intercept,3.7470896755670857,0.2271298347399236,16.49756704070918,3.8197548510550056e-61,5.538644534029758e-60,True
Agathobaculum butyriciproducens,study_condition[T.adenoma],0.6282454155404915,0.3004285943301834,2.0911638485716977,0.03651337879012829,0.501578519169657,False
Agathobaculum butyriciproducens,study_condition[T.CRC],-0.48656419593867656,0.36458732687420325,-1.3345614618869077,0.1820199182964909,0.49297544627258905,False
Akkermansia muciniphila,Intercept,3.0670364653231736,0.38807561751579567,7.903192900796808,2.718483864950323e-15,1.2670076584857755e-14,True
Akkermansia muciniphila,study_condition[T.adenoma],0.24053975230785943,0.6035624853108953,0.3985333054355711,0.6902371129679457,0.9653855482091309,False
Akkermansia muciniphila,study_condition[T.CRC],0.658253629987139,0.5988061671902167,1.0992766375067045,0.2716474194774806,0.5908331373635204,False
Alistipes finegoldii,Intercept,2.574653899895887,0.29712719499074874,8.665157357865041,4.508897893462717e-18,2.1793006485069798e-17,True
Alistipes finegoldii,study_condition[T.adenoma],0.07209062474680807,0.4781029704802563,0.15078472462614645,0.8801455364683086,0.9653855482091309,False
Alistipes finegoldii,study_condition[T.CRC],0.680287802080195,0.4757896943092443,1.4298077705693961,0.15277219825291916,0.48040414149411925,False
Alistipes indistinctus,Intercept,1.479185136915957,0.24426381197373298,6.055686779648808,1.3981983137956606e-09,4.931483241900911e-09,True
Alistipes indistinctus,study_condition[T.adenoma],-0.5088864631745641,0.36058119169421327,-1.4112950838714833,0.15815762346227025,0.6964426062917791,False
Alistipes indistinctus,study_condition[T.CRC],0.11849258533804552,0.38057295842229977,0.31135313930150854,0.7555321740101634,0.9046942052599947,False
Alistipes inops,Intercept,0.9292315818213499,0.24598118175205452,3.777653132661188,0.00015831316347868495,0.00034410431510099236,True
Alistipes inops,study_condition[T.adenoma],0.21791420934176395,0.4138502675543049,0.5265532643715629,0.5985038541101975,0.9399774114087164,False
Alistipes inops,study_condition[T.CRC],0.6803738438402273,0.4177123316302304,1.6288095713738984,0.10335333786496737,0.41378732949540525,False
Alistipes onderdonkii,Intercept,0.1398351362848249,0.15202648910005148,0.9198077066214216,0.35767325536853045,0.4112454610184425,False
Alistipes onderdonkii,study_condition[T.adenoma],0.004036171004364828,0.23260307881887085,0.017352182201800577,0.9861556564796463,0.9923681364405078,False
Alistipes onderdonkii,study_condition[T.CRC],0.24403658942324735,0.29385560441722053,0.8304643020412181,0.40627632299102223,0.7164737858152487,False
Alistipes putredinis,Intercept,5.086139153843627,0.33532442845310817,15.167815769661033,5.7767409878188396e-52,7.538646989103587e-51,True
Alistipes putredinis,study_condition[T.adenoma],0.27187754469531744,0.5368723388197356,0.506410043946416,0.6125688250792374,0.9460382446489997,False
Alistipes putredinis,study_condition[T.CRC],0.2371005550004005,0.5106054012792363,0.46435183491280113,0.6423956922061369,0.8467943215444532,False
Alistipes shahii,Intercept,2.9442563191241007,0.2258046770970928,13.038951880780186,7.345994842347726e-39,7.101128347602802e-38,True
Alistipes shahii,study_condition[T.adenoma],-0.07927103117435813,0.3848218157246701,-0.20599411970727374,0.8367955046009753,0.9653855482091309,False
Alistipes shahii,study_condition[T.CRC],-0.0013496991947371494,0.3595661792807398,-0.0037536878397101407,0.9970049974599738,0.9970049974599738,False
Allisonella histaminiformans,Intercept,0.21680562838293582,0.12616578441246173,1.7184185822849871,0.08572029332655297,0.1141479416236241,False
Allisonella histaminiformans,study_condition[T.adenoma],0.10168461942315961,0.22558409118777728,0.4507614827258224,0.6521614645840956,0.9653855482091309,False
Allisonella histaminiformans,study_condition[T.CRC],0.11444881217234248,0.21961906474049978,0.5211242125430884,0.6022802449369281,0.8195187262649573,False
Alloscardovia omnicolens,Intercept,0.07157009696683225,0.11254401697835933,0.6359298245111883,0.5248221624355973,0.5755402705701298,False
Alloscardovia omnicolens,study_condition[T.adenoma],-0.08091958413771193,0.18809196241331666,-0.4302128761881796,0.6670407963495173,0.9653855482091309,False
Alloscardovia omnicolens,study_condition[T.CRC],-0.12286806140071604,0.14997691963931026,-0.8192464660309723,0.4126458090302828,0.7207957408476963,False
Anaerobutyricum hallii,Intercept,5.750592228566964,0.25675833441043583,22.396905797708094,4.218808753969789e-111,1.2234545386512387e-109,True
Anaerobutyricum hallii,study_condition[T.adenoma],-0.5732180061535054,0.3908234245728954,-1.4666930642141953,0.14245957047945537,0.688554590650701,False
Anaerobutyricum hallii,study_condition[T.CRC],-1.4266703239412448,0.40601712287007724,-3.5138181214041304,0.00044171514460642793,0.010480695703843426,True
Anaeromassilibacillus sp. An250,Intercept,0.5441089307282159,0.15225597684558873,3.573645790470525,0.0003520450848592285,0.0006908553920921703,True
Anaeromassilibacillus sp. An250,study_condition[T.adenoma],0.16356537280592637,0.2765569095513787,0.5914347722183352,0.5542291476857661,0.9399774114087164,False
Anaeromassilibacillus sp. An250,study_condition[T.CRC],0.3951488446785546,0.28270186140286496,1.3977581991066086,0.16218569081277578,0.4856072419876522,False
Anaerostipes hadrus,Intercept,6.592895984929771,0.20696335508857305,31.855378369316842,1.108873348881981e-222,9.647198135273235e-221,True
Anaerostipes hadrus,study_condition[T.adenoma],-0.7776732205238784,0.3235761564126649,-2.4033699798698764,0.01624474264886675,0.35332315261285185,False
Anaerostipes hadrus,study_condition[T.CRC],-1.5277234022480912,0.380767434829288,-4.012221798676207,6.014994490153774e-05,0.002616522603216892,True
Anaerotignum lactatifermentans,Intercept,-0.08128689587983295,0.10013872371159914,-0.8117428789480111,0.41693918458023604,0.46504755203180176,False
Anaerotignum lactatifermentans,study_condition[T.adenoma],0.24393653737577795,0.23759479404823572,1.026691423744978,0.3045657889322767,0.8487200141244979,False
Anaerotignum lactatifermentans,study_condition[T.CRC],0.8654598513759199,0.3217121515281823,2.690168360955134,0.007141597911708342,0.07455828219823508,False
Anaerotruncus colihominis,Intercept,0.4670559193085744,0.1870408489690908,2.497079765638559,0.012522078600335777,0.01900152624818394,True
Anaerotruncus colihominis,study_condition[T.adenoma],0.27624075647065177,0.3189691068484347,0.8660423550106178,0.3864669351683562,0.8595186744353119,False
Anaerotruncus colihominis,study_condition[T.CRC],0.5746531505577059,0.324526153201045,1.7707452693395298,0.07660307087163482,0.34290386554636837,False
Bacteroides caccae,Intercept,4.060860840033997,0.357197044083803,11.368685456090356,5.988262894745869e-30,4.341490598690755e-29,True
Bacteroides caccae,study_condition[T.adenoma],0.5396099633442132,0.5214476186407514,1.0348306216275476,0.3007480195841835,0.8487200141244979,False
Bacteroides caccae,study_condition[T.CRC],-0.47025858552206723,0.5490193326740734,-0.8565428529294383,0.3916975801112019,0.7002264959522172,False
Bacteroides cellulosilyticus,Intercept,2.130684932030645,0.34874077898166933,6.109652384938439,9.984837889253919e-10,3.670482660697567e-09,True
Bacteroides cellulosilyticus,study_condition[T.adenoma],1.2111343667046301,0.5327336418886898,2.2734332346851986,0.023000085262170046,0.40020148356175883,False
Bacteroides cellulosilyticus,study_condition[T.CRC],0.7647967266333164,0.5449240953250373,1.4034922169795578,0.1604701112471414,0.4856072419876522,False
Bacteroides clarus,Intercept,1.342268355791747,0.33696356419199813,3.983422833891136,6.792973545478647e-05,0.00015689965445751566,True
Bacteroides clarus,study_condition[T.adenoma],-0.7132926167841747,0.4106340424497839,-1.7370518345940658,0.0823780219402595,0.6252298761677587,False
Bacteroides clarus,study_condition[T.CRC],-0.5063109730007971,0.4513115697097722,-1.121865706492731,0.26191954365032644,0.5818299556669364,False
Bacteroides eggerthii,Intercept,1.7253697387742655,0.3689816882532656,4.676030799636831,2.9248069815670718e-06,7.869841465866038e-06,True
Bacteroides eggerthii,study_condition[T.adenoma],0.13162740756482802,0.5602430474915702,0.23494697195114872,0.8142498914288269,0.9653855482091309,False
Bacteroides eggerthii,study_condition[T.CRC],-0.5193552261508091,0.5222007421373183,-0.9945509154681345,0.31995473041272127,0.6273132854102205,False
Bacteroides faecis,Intercept,1.165786364094215,0.3312853814449857,3.5189791925298373,0.0004332106829799963,0.0008253137829034966,True
Bacteroides faecis,study_condition[T.adenoma],-0.8282867899923774,0.41820049636635087,-1.9805973383321474,0.04763644767562432,0.5651414928789976,False
Bacteroides faecis,study_condition[T.CRC],-0.40822322692087104,0.4476667444164509,-0.9118908920809031,0.36182615658045636,0.6745473347678508,False
Bacteroides faecis CAG:32,Intercept,0.3728473621242703,0.23783983388794852,1.567640525261747,0.11696504885815787,0.15112810768306537,False
Bacteroides faecis CAG:32,study_condition[T.adenoma],-0.31541716374219253,0.2949821670242009,-1.069275363063948,0.2849456086510552,0.8487200141244979,False
Bacteroides faecis CAG:32,study_condition[T.CRC],-0.060581676635409365,0.3396464006207727,-0.17836690312243572,0.8584348399645568,0.9405279416782631,False
Bacteroides finegoldii,Intercept,1.095177637784781,0.28387799903852257,3.857916575057175,0.00011435766476202318,0.00025510555985374403,True
Bacteroides finegoldii,study_condition[T.adenoma],0.4307580429373455,0.4778895751483774,0.9013756845472131,0.367388605215794,0.8595186744353119,False
Bacteroides finegoldii,study_condition[T.CRC],0.23341659037768958,0.46055512565892087,0.5068157477212702,0.6122841058301405,0.8195187262649573,False
Bacteroides fragilis,Intercept,2.6578457711332337,0.35515936268316267,7.483530072398219,7.235233720374537e-14,3.200671188165685e-13,True
Bacteroides fragilis,study_condition[T.adenoma],-0.1736036854507789,0.547008666323205,-0.3173691682394728,0.7509634990597394,0.9653855482091309,False
Bacteroides fragilis,study_condition[T.CRC],1.2440154543559987,0.5622608394521819,2.21252373821385,0.026930497852005335,0.18996918755063222,False
Bacteroides galacturonicus,Intercept,0.5182060458129332,0.1971791598265767,2.628097443303372,0.008586391576541497,0.013582110311983822,True
Bacteroides galacturonicus,study_condition[T.adenoma],0.30054179636083633,0.31988332171402434,0.9395356867949517,0.34745577866799093,0.8595186744353119,False
Bacteroides galacturonicus,study_condition[T.CRC],0.03451095834548823,0.2961557731260546,0.11652975047965422,0.9072327092308243,0.9547892625372788,False
Bacteroides intestinalis,Intercept,1.0065492819009627,0.29576205825688406,3.4032400499009396,0.0006659174624854432,0.001215415788172732,True
Bacteroides intestinalis,study_condition[T.adenoma],-0.6394740179830068,0.3834162304561526,-1.6678324160201063,0.09534899894277885,0.6252298761677587,False
Bacteroides intestinalis,study_condition[T.CRC],-0.12525054703836058,0.45194216275779714,-0.27713844239286944,0.7816738046583768,0.9107895670349836,False
Bacteroides nordii,Intercept,0.2525925578642312,0.16410458363804126,1.5392169570434682,0.12375133922840269,0.159108864722232,False
Bacteroides nordii,study_condition[T.adenoma],-0.47472066811774777,0.19462397538046358,-2.4391684898519466,0.014721102692893397,0.3492916184404706,False
Bacteroides nordii,study_condition[T.CRC],0.7276896318871588,0.3408077410231093,2.1351910308804167,0.032745409241708066,0.20333142954367503,False
Bacteroides ovatus,Intercept,4.475538234110729,0.29724749522703586,15.056605374226416,3.12422243251077e-51,3.8829621661205285e-50,True
Bacteroides ovatus,study_condition[T.adenoma],-0.6093720242698566,0.4797834683851242,-1.2700980013357006,0.20404972349376493,0.7484641029798065,False
Bacteroides ovatus,study_condition[T.CRC],-0.31688053194428656,0.48126738067280284,-0.6584292737673048,0.5102623299710487,0.7486395091270096,False
Bacteroides salyersiae,Intercept,0.6978733298324045,0.25347206305776465,2.753255413687794,0.005900584189507459,0.009565543313425136,True
Bacteroides salyersiae,study_condition[T.adenoma],-0.035505979954597554,0.36594925192909833,-0.09702432719134713,0.9227070752841158,0.9710747848756218,False
Bacteroides salyersiae,study_condition[T.CRC],0.4966495377691573,0.4362867229007334,1.138355837342678,0.25497192694516924,0.5818299556669364,False
Bacteroides sp. CAG:144,Intercept,0.5455408927546834,0.219363549596393,2.4869258988488476,0.01288522347102089,0.019439556797320533,True
Bacteroides sp. CAG:144,study_condition[T.adenoma],0.24254426623482878,0.388675006837037,0.6240284607147955,0.5326088941739893,0.9267394758627414,False
Bacteroides sp. CAG:144,study_condition[T.CRC],0.4000459332505152,0.3803915400567769,1.0516688493934558,0.2929515076198177,0.6116827479101794,False
Bacteroides stercoris,Intercept,2.2352469570641897,0.3879585234401199,5.761561667066177,8.33392028030357e-09,2.753358472353458e-08,True
Bacteroides stercoris,study_condition[T.adenoma],1.3257544048534888,0.6335233002271692,2.092668737484634,0.036378735842828074,0.501578519169657,False
Bacteroides stercoris,study_condition[T.CRC],-0.09307845064962839,0.5630208680449488,-0.16531971714092392,0.8686923403124222,0.9405279416782631,False
Bacteroides thetaiotaomicron,Intercept,4.069205117212899,0.3168968882838665,12.840785970633547,9.688581358377477e-38,9.031141909059004e-37,True
Bacteroides thetaiotaomicron,study_condition[T.adenoma],0.30296908492876146,0.46630362686801563,0.6497249162818864,0.5158699263713036,0.9222058272802072,False
Bacteroides thetaiotaomicron,study_condition[T.CRC],0.8075408147421007,0.4768625383093782,1.6934456994778346,0.09037066244039428,0.38666791634332637,False
Bacteroides uniformis,Intercept,7.1649397503098395,0.15502304724970153,46.21854541904984,0.0,0.0,True
Bacteroides uniformis,study_condition[T.adenoma],-0.03779920348716452,0.30505916420619134,-0.12390777895666104,0.901388293700041,0.9653855482091309,False
Bacteroides uniformis,study_condition[T.CRC],-0.08270362384161689,0.3150817166534775,-0.2624830939732793,0.7929490176191614,0.9198208604382272,False
Bacteroides xylanisolvens,Intercept,3.6959084173788614,0.3059954857367807,12.078310268139399,1.375166666726818e-33,1.1216203125490609e-32,True
Bacteroides xylanisolvens,study_condition[T.adenoma],-0.38506936585523005,0.4532200231440553,-0.849630082942819,0.39553078127932917,0.8595186744353119,False
Bacteroides xylanisolvens,study_condition[T.CRC],-1.1590829006858596,0.46537255740914524,-2.490655888990935,0.012750754634791523,0.10735312773163184,False
Barnesiella intestinihominis,Intercept,4.335935043856375,0.34005223294760917,12.750791271893807,3.085969404195329e-37,2.684793381649936e-36,True
Barnesiella intestinihominis,study_condition[T.adenoma],0.13080188909604537,0.5187166214249844,0.25216444527402065,0.8009139587707905,0.9653855482091309,False
Barnesiella intestinihominis,study_condition[T.CRC],-0.3095051687159025,0.5103178048378062,-0.6064949444871363,0.5441861384125011,0.7890699006981265,False
Bifidobacterium adolescentis,Intercept,3.1398235568738393,0.430431899050406,7.294588444306141,2.9957338254766886e-13,1.2611073039506705e-12,True
Bifidobacterium adolescentis,study_condition[T.adenoma],-0.38379457716247395,0.6534322295578163,-0.5873517708518775,0.5569674779082335,0.9399774114087164,False
Bifidobacterium adolescentis,study_condition[T.CRC],-0.8670691515248589,0.5893990713931725,-1.471107087894375,0.14126215850114252,0.4741550007824933,False
Bifidobacterium animalis,Intercept,0.8320926656445646,0.2837794330491679,2.932181013626859,0.003365904999964771,0.005595549076374556,True
Bifidobacterium animalis,study_condition[T.adenoma],-0.5567613282464321,0.34806923564147985,-1.5995706349064138,0.10969386719079427,0.6405798355163449,False
Bifidobacterium animalis,study_condition[T.CRC],-0.5343031759126475,0.3635991205963898,-1.469484235925164,0.14170149448672215,0.4741550007824933,False
Bifidobacterium bifidum,Intercept,1.3169306762119906,0.35358664661078437,3.724492112004504,0.00019570883113539852,0.0004186885649699919,True
Bifidobacterium bifidum,study_condition[T.adenoma],-0.07138307507933454,0.5294847216412379,-0.13481611869379198,0.8927572613131595,0.9653855482091309,False
Bifidobacterium bifidum,study_condition[T.CRC],-0.0070101164693004946,0.5295399045479703,-0.013238126926967896,0.9894378114123369,0.9932433414562305,False
Bifidobacterium catenulatum,Intercept,1.1998125357427067,0.3262126215079532,3.67800770612873,0.0002350628596749052,0.0004869159236123036,True
Bifidobacterium catenulatum,study_condition[T.adenoma],-0.8344202346459003,0.416157267196413,-2.0050598665914454,0.04495664731310416,0.5651414928789976,False
Bifidobacterium catenulatum,study_condition[T.CRC],-0.9918200754895337,0.38406564631307605,-2.5824233044812313,0.009810916596544256,0.09265448563132288,False
Bifidobacterium dentium,Intercept,0.37638021183590986,0.16082370024893944,2.3403280191496023,0.019266809727086772,0.028735070507255128,True
Bifidobacterium dentium,study_condition[T.adenoma],-0.054403453302615395,0.2354081917096852,-0.2311026345663787,0.8172350684300685,0.9653855482091309,False
Bifidobacterium dentium,study_condition[T.CRC],0.5674057421480356,0.2933950164570751,1.9339310837648445,0.0531216017333757,0.27729476104822115,False
Bifidobacterium longum,Intercept,4.682522473557096,0.3662029302171876,12.78668761820116,1.945924042176125e-37,1.7513316379585126e-36,True
Bifidobacterium longum,study_condition[T.adenoma],-1.5630458148643973,0.5439904534476203,-2.8732964061379427,0.004062128038938796,0.33226326329871253,False
Bifidobacterium longum,study_condition[T.CRC],-1.3293523249488255,0.5420167868562249,-2.452603604141598,0.0141826531089438,0.11567726441982287,False
Bifidobacterium pseudocatenulatum,Intercept,1.5580924012688158,0.36916271992073063,4.220611446365389,2.4364056950899582e-05,5.999074400174331e-05,True
Bifidobacterium pseudocatenulatum,study_condition[T.adenoma],-0.7845425219503994,0.5104494782925265,-1.5369640979450598,0.12430210140784295,0.675892676405146,False
Bifidobacterium pseudocatenulatum,study_condition[T.CRC],-0.8656426670303398,0.46392472394845935,-1.8659119084295883,0.06205369123491661,0.3055851587228912,False
Bilophila wadsworthia,Intercept,1.651365534106196,0.22118362454392634,7.4660388512542895,8.264495457139031e-14,3.5950555238554785e-13,True
Bilophila wadsworthia,study_condition[T.adenoma],0.4555077318234401,0.3626735925944696,1.255971598496764,0.2091262675791764,0.7484641029798065,False
Bilophila wadsworthia,study_condition[T.CRC],0.9479172835265268,0.33118167647857244,2.8622274444819937,0.004206749037781421,0.054192495676470956,False
Blautia coccoides,Intercept,0.017128072322245558,0.1236712179103934,0.1384968354937346,0.8898477704264658,0.9107853650247355,False
Blautia coccoides,study_condition[T.adenoma],-0.1648264807142085,0.1506063313154534,-1.0944193333344678,0.2737711085020219,0.8487200141244979,False
Blautia coccoides,study_condition[T.CRC],0.09110610641370531,0.22622338480436988,0.40272629857647435,0.6871495850455688,0.8791472632200659,False
Blautia hydrogenotrophica,Intercept,0.4768524624792452,0.1920194701043818,2.4833547463703973,0.013015140217288631,0.01952271032593295,True
Blautia hydrogenotrophica,study_condition[T.adenoma],-0.15539091525281895,0.28095655042185064,-0.5530781005799744,0.5802099316503779,0.9399774114087164,False
Blautia hydrogenotrophica,study_condition[T.CRC],-0.08777308966189046,0.2995470586861587,-0.29301936746390167,0.7695073480114593,0.908784696067832,False
Blautia obeum,Intercept,5.394304491662963,0.24409874615338706,22.09886194283556,3.2413363616626856e-108,8.45988790393961e-107,True
Blautia obeum,study_condition[T.adenoma],-0.0933493250462026,0.39480119547205283,-0.23644640927337465,0.8130862875127528,0.9653855482091309,False
Blautia obeum,study_condition[T.CRC],-0.3855095966549576,0.36083584990131434,-1.0683794217242863,0.28534939568547846,0.6077791873160195,False
Blautia producta,Intercept,0.23490059739680902,0.1725914737104507,1.361020868220244,0.1735070947866968,0.21876981516583507,False
Blautia producta,study_condition[T.adenoma],-0.3984769594197139,0.18674799522556476,-2.133768338120101,0.032861748882444704,0.501578519169657,False
Blautia producta,study_condition[T.CRC],-0.3114649111562049,0.2274479909041627,-1.3693895906402773,0.17087752634103792,0.4856072419876522,False
Blautia sp. CAG:257,Intercept,1.056525230487546,0.2960502204710148,3.5687365096591326,0.0003587069538261687,0.0006986754846912688,True
Blautia sp. CAG:257,study_condition[T.adenoma],-0.6188965217924934,0.4019260571357416,-1.5398268184027564,0.1236025729461914,0.675892676405146,False
Blautia sp. CAG:257,study_condition[T.CRC],-0.6832392168635417,0.38730983403436825,-1.7640636948116168,0.07772125601540264,0.34290386554636837,False
Blautia wexlerae,Intercept,4.624067128328139,0.24913233963621934,18.560685999578208,6.684562321153233e-77,1.1631138438806626e-75,True
Blautia wexlerae,study_condition[T.adenoma],-0.6814711411421078,0.35803561011910034,-1.9033613469772375,0.056993411027144135,0.593678243663188,False
Blautia wexlerae,study_condition[T.CRC],-1.3165596993825603,0.37333628618389575,-3.526471302428013,0.00042113680251997123,0.010480695703843426,True
Butyricimonas synergistica,Intercept,1.0804066063148579,0.2557896784118244,4.2238084547547325,2.4020822606969996e-05,5.9708901908753985e-05,True
Butyricimonas synergistica,study_condition[T.adenoma],0.32864018940633755,0.3734841529831567,0.8799307461410779,0.37889682744719655,0.8595186744353119,False
Butyricimonas synergistica,study_condition[T.CRC],0.28750585829809694,0.3573601483715165,0.8045269166364962,0.4210927306665425,0.7230605441050499,False
Butyricimonas virosa,Intercept,2.432253349430507,0.2623077366404741,9.27251853331424,1.8180146875289332e-20,1.031525724880547e-19,True
Butyricimonas virosa,study_condition[T.adenoma],-0.1674053456255708,0.396053021944609,-0.42268417699129107,0.6725257016022443,0.9653855482091309,False
Butyricimonas virosa,study_condition[T.CRC],0.5158097022683785,0.401869124303116,1.2835265788653152,0.19930765392548733,0.5198534110919986,False
Butyrivibrio crossotus,Intercept,1.5304676671912745,0.41566851016231665,3.6819427735664503,0.00023146337332308762,0.00048329552349860694,True
Butyrivibrio crossotus,study_condition[T.adenoma],0.7299099893900656,0.6904503184437363,1.057150630381735,0.29044284727487213,0.8487200141244979,False
Butyrivibrio crossotus,study_condition[T.CRC],-0.5680405818054675,0.5235574225292421,-1.084963286474543,0.27793791613268826,0.5995189761209225,False
Butyrivibrio sp. CAG:318,Intercept,1.0392806240942676,0.3485546410995116,2.9816863743827042,0.0028666550088704804,0.004796134341764072,True
Butyrivibrio sp. CAG:318,study_condition[T.adenoma],-0.5068185363320706,0.4829130185552363,-1.0495027403658617,0.29394679465551377,0.8487200141244979,False
Butyrivibrio sp. CAG:318,study_condition[T.CRC],-0.27121278978508256,0.48455064367516465,-0.5597202136148631,0.5756702925835153,0.8077954105607392,False
Catenibacterium mitsuokai,Intercept,0.5319720122586222,0.2698072420858658,1.971674326255938,0.04864679629346897,0.06938149635298033,False
Catenibacterium mitsuokai,study_condition[T.adenoma],0.14983037392073734,0.4023495575763241,0.3723885638728834,0.7096035673717853,0.9653855482091309,False
Catenibacterium mitsuokai,study_condition[T.CRC],0.05379626070894045,0.38601519643304505,0.13936306447529065,0.889163257767919,0.9487685892591684,False
Christensenella hongkongensis,Intercept,-0.04601705669057132,0.1042709223569759,-0.44132204501874445,0.658979868804979,0.7071521861220113,False
Christensenella hongkongensis,study_condition[T.adenoma],-0.02713586772630182,0.1502463279652895,-0.18060919087866728,0.8566743412498791,0.9653855482091309,False
Christensenella hongkongensis,study_condition[T.CRC],0.0710878427258056,0.16218087330944672,0.43832445389640695,0.6611511015834098,0.8585096393695024,False
Christensenella minuta,Intercept,0.13103211683533544,0.10392093242257723,1.260882805617208,0.2073510739862109,0.2528907958429955,False
Christensenella minuta,study_condition[T.adenoma],-0.2474872805262842,0.1857614131689963,-1.332285733103962,0.18276631347832206,0.7484641029798065,False
Christensenella minuta,study_condition[T.CRC],0.1610968464434287,0.22865152486934243,0.7045518132253162,0.4810891949788947,0.7445149935550597,False
Cloacibacillus porcorum,Intercept,0.057767150172823634,0.1404479847313832,0.41130636572185375,0.6808479024269054,0.722363018428546,False
Cloacibacillus porcorum,study_condition[T.adenoma],0.45794087950847145,0.3247338246463807,1.4102038184877932,0.1584795086409022,0.6964426062917791,False
Cloacibacillus porcorum,study_condition[T.CRC],0.40772509322748907,0.3063467444328348,1.3309268031633383,0.18321309689057907,0.49297544627258905,False
Clostridium bolteae CAG:59,Intercept,-0.032281145639862174,0.11750341957231478,-0.27472515912607537,0.7835274004347814,0.815216187711322,False
Clostridium bolteae CAG:59,study_condition[T.adenoma],0.21320381247660167,0.18031655517402848,1.1823862333152537,0.2370524831257107,0.8035155596858505,False
Clostridium bolteae CAG:59,study_condition[T.CRC],0.39991214909397577,0.220833101310219,1.8109248419791582,0.07015248656702358,0.332905436254421,False
Clostridium disporicum,Intercept,0.9450149556654885,0.24031119705179432,3.932463269540492,8.40798300397743e-05,0.00019249855824895695,True
Clostridium disporicum,study_condition[T.adenoma],0.08923765409734331,0.38214012059737956,0.23352076708889602,0.815357045461493,0.9653855482091309,False
Clostridium disporicum,study_condition[T.CRC],0.27436920142399074,0.3724493335515555,0.736661813320205,0.461328034557144,0.7341866891427719,False
Clostridium paraputrificum,Intercept,0.056418449948340665,0.13513537916147544,0.41749577570597074,0.6763158134947697,0.7204833768250403,False
Clostridium paraputrificum,study_condition[T.adenoma],0.24905995591081262,0.26463333836521824,0.9411510939981684,0.3466274349961106,0.8595186744353119,False
Clostridium paraputrificum,study_condition[T.CRC],-0.13138404354930622,0.19648741967365213,-0.6686638959762576,0.5037099032281158,0.7486395091270096,False
Clostridium perfringens,Intercept,0.05005362133054625,0.1384581315567576,0.36150727131564653,0.7177202702861801,0.7584007714360042,False
Clostridium perfringens,study_condition[T.adenoma],0.02721377228564166,0.22862587155367,0.1190319017734317,0.9052500814874282,0.9653855482091309,False
Clostridium perfringens,study_condition[T.CRC],0.13726997736020463,0.24110912583815503,0.5693271745025005,0.5691341285450549,0.807304388860105,False
Clostridium sp. CAG:167,Intercept,0.7265183677033047,0.24877249332382598,2.920412775529806,0.003495680369218489,0.005774509977000162,True
Clostridium sp. CAG:167,study_condition[T.adenoma],-0.10309687239021022,0.37571912531892165,-0.27439878739922674,0.7837781747777679,0.9653855482091309,False
Clostridium sp. CAG:167,study_condition[T.CRC],-0.3328266551064698,0.3334209647648145,-0.998217539623629,0.3181738831008165,0.6273132854102205,False
Clostridium sp. CAG:242,Intercept,0.5256554582759723,0.20451165058371484,2.5702959062510735,0.010161168028991351,0.01578610033075442,True
Clostridium sp. CAG:242,study_condition[T.adenoma],0.3720755994610771,0.3502840782377089,1.0622109955239818,0.28813990925192157,0.8487200141244979,False
Clostridium sp. CAG:242,study_condition[T.CRC],0.40452931905434997,0.36785561942204703,1.0996959070243986,0.2714646386865821,0.5908331373635204,False
Clostridium sp. CAG:253,Intercept,1.013669773229788,0.27645604573608074,3.666658005365126,0.0002457410996002808,0.0005050269842179,True
Clostridium sp. CAG:253,study_condition[T.adenoma],-0.008774944041344613,0.4302912659797601,-0.02039303312690843,0.9837298414554478,0.9923681364405078,False
Clostridium sp. CAG:253,study_condition[T.CRC],-0.5528151250820807,0.35471303814988975,-1.5584854956712353,0.11911820364680255,0.43180348821965925,False
Clostridium sp. CAG:299,Intercept,0.11788995503433064,0.15057227031407017,0.7829459885836261,0.43365882993301985,0.4816381047341199,False
Clostridium sp. CAG:299,study_condition[T.adenoma],0.44314523326022354,0.29221795864325173,1.5164887035612629,0.12939582459980628,0.676683753136365,False
Clostridium sp. CAG:299,study_condition[T.CRC],-0.02308913803493395,0.22842079821745168,-0.1010815924605674,0.9194856902837525,0.9605801002143762,False
Clostridium sp. CAG:58,Intercept,1.6066725608738555,0.26917210163368066,5.968941621819315,2.387975276375509e-09,8.20080983071063e-09,True
Clostridium sp. CAG:58,study_condition[T.adenoma],1.4128400140005348,0.4342727379995516,3.253347240972777,0.0011405403010378578,0.2976810185708809,False
Clostridium sp. CAG:58,study_condition[T.CRC],0.6097049522770217,0.4245577698709658,1.4360942032984745,0.15097553734233365,0.48040414149411925,False
Collinsella aerofaciens,Intercept,4.318303646055259,0.36831217195011284,11.72457489849172,9.537863679826063e-32,7.321713001278243e-31,True
Collinsella aerofaciens,study_condition[T.adenoma],0.31731066473137387,0.5903183526478769,0.5375246480277545,0.5909052639610526,0.9399774114087164,False
Collinsella aerofaciens,study_condition[T.CRC],0.07229585791563475,0.5256474875191413,0.1375367706156916,0.8906065301474952,0.9487685892591684,False
Collinsella intestinalis,Intercept,0.75570264859949,0.1805438578237368,4.185701234640034,2.8428707740633568e-05,6.934479177855478e-05,True
Collinsella intestinalis,study_condition[T.adenoma],0.2609578198634979,0.3136809862975471,0.8319210639562393,0.40545350142574565,0.8595186744353119,False
Collinsella intestinalis,study_condition[T.CRC],0.1003795517930195,0.2808206980151296,0.35745068829510357,0.7207544359459132,0.8959234051360409,False
Coprobacillus cateniformis,Intercept,0.55935822375519,0.21006270621697462,2.662815469859874,0.007748989558859039,0.012332233383306154,True
Coprobacillus cateniformis,study_condition[T.adenoma],0.03453923589665574,0.3451411987167939,0.10007277028957924,0.9202865529525411,0.9710747848756218,False
Coprobacillus cateniformis,study_condition[T.CRC],-0.09816573967460762,0.32012504326510155,-0.3066481106050636,0.759111229700915,0.9046942052599947,False
Coprobacter fastidiosus,Intercept,1.671617947983341,0.30771587340179546,5.43234227569616,5.561910816885147e-08,1.7921712632185472e-07,True
Coprobacter fastidiosus,study_condition[T.adenoma],-0.04674889675167146,0.45207617530438354,-0.1034093352081546,0.9176381034439993,0.9710747848756218,False
Coprobacter fastidiosus,study_condition[T.CRC],0.15795486117937585,0.4536902405905943,0.34815573941761907,0.7277232256277419,0.8959234051360409,False
Coprobacter secundus,Intercept,0.7405997682847385,0.2077589623018823,3.564706716279304,0.0003642632705523207,0.00070424232306782,True
Coprobacter secundus,study_condition[T.adenoma],0.1737907344392026,0.3188053805920645,0.545131120799937,0.5856633401567687,0.9399774114087164,False
Coprobacter secundus,study_condition[T.CRC],0.3339786949575777,0.3244674877710028,1.0293132826709823,0.30333248360334886,0.613964618188216,False
Coprococcus catus,Intercept,3.616755286926155,0.265505517894567,13.622147349729955,2.9574225544132835e-42,3.087549146807468e-41,True
Coprococcus catus,study_condition[T.adenoma],0.21902881351469336,0.4001096748830179,0.5474219376942883,0.5840888870988965,0.9399774114087164,False
Coprococcus catus,study_condition[T.CRC],-0.09606941561318916,0.4052492030536777,-0.23706256518032978,0.8126082532945972,0.9302226057451309,False
Coprococcus comes,Intercept,5.619884941702004,0.283472051497213,19.82518174902776,1.8052783876827272e-87,3.926480493209932e-86,True
Coprococcus comes,study_condition[T.adenoma],-0.06043134188972958,0.46007738101772744,-0.13135038665898047,0.8954981342382544,0.9653855482091309,False
Coprococcus comes,study_condition[T.CRC],-0.9317153465282296,0.4658257890373517,-2.000136893351607,0.04548548391105363,0.25210446907992723,False
Coprococcus eutactus,Intercept,2.9426439907297537,0.4520814623098838,6.509101204226527,7.560177794221614e-11,2.818866291845488e-10,True
Coprococcus eutactus,study_condition[T.adenoma],-0.6823484512982038,0.6715844004305261,-1.0160278452876172,0.309616126837563,0.8487200141244979,False
Coprococcus eutactus,study_condition[T.CRC],-0.9684735693668021,0.5984521473254519,-1.6182974256087415,0.10559851523929685,0.41378732949540525,False
Denitrobacterium detoxificans,Intercept,-0.3254272053324545,0.0536709200027672,-6.063380417471434,1.332898930672647e-09,4.765570149391245e-09,True
Denitrobacterium detoxificans,study_condition[T.adenoma],0.06614869293126664,0.08484165894755105,0.779672318432147,0.43558377648612034,0.8747516817723414,False
Denitrobacterium detoxificans,study_condition[T.CRC],0.020648401958804578,0.07326244111906564,0.28184157725848813,0.7780649886466136,0.9107895670349836,False
Desulfovibrio piger,Intercept,0.7798264986338541,0.23634625545604768,3.2995085838323135,0.0009685426546385083,0.0017196573663989842,True
Desulfovibrio piger,study_condition[T.adenoma],1.1963664020547473,0.4826065671466816,2.4789683429465814,0.013176300010997373,0.3492916184404706,False
Desulfovibrio piger,study_condition[T.CRC],1.2322498338976156,0.44486576192550364,2.7699363254301548,0.005606725227076577,0.06651614928486302,False
Desulfovibrionaceae bacterium,Intercept,0.29979344724204715,0.16378405553712558,1.8304190005485106,0.06718730864575628,0.09427896535775478,False
Desulfovibrionaceae bacterium,study_condition[T.adenoma],0.1630873325273605,0.2892940410911925,0.563742453568034,0.5729294206597655,0.9399774114087164,False
Desulfovibrionaceae bacterium,study_condition[T.CRC],0.18545390682663787,0.28125595016241284,0.6593777188342023,0.5096532463364205,0.7486395091270096,False
Dialister invisus,Intercept,0.9678465705740713,0.284583204898911,3.400926526629945,0.0006715787566807817,0.0012172364964839167,True
Dialister invisus,study_condition[T.adenoma],-0.3551309983686463,0.42099175757908625,-0.8435580791672209,0.39891639807802237,0.8595186744353119,False
Dialister invisus,study_condition[T.CRC],-0.30187871606911254,0.38353097103881356,-0.7871038817320498,0.4312210572494818,0.725334033736208,False
Dialister pneumosintes,Intercept,-0.2335188326158164,0.03514868402045791,-6.64374326162252,3.058150833607838e-11,1.1567787935831574e-10,True
Dialister pneumosintes,study_condition[T.adenoma],0.010248535096869196,0.05531758046714974,0.18526723349650612,0.853019436986162,0.9653855482091309,False
Dialister pneumosintes,study_condition[T.CRC],1.4520984938074677,0.3055943760920535,4.751718642132523,2.0169490208025363e-06,0.000263211847214731,True
Dielma fastidiosa,Intercept,0.23953754114104697,0.14414908923791167,1.6617346832188507,0.09656598369933517,0.12729152396730545,False
Dielma fastidiosa,study_condition[T.adenoma],-0.07864980533113629,0.20041153882000656,-0.3924415020922183,0.6947320261485007,0.9653855482091309,False
Dielma fastidiosa,study_condition[T.CRC],0.14732217017807603,0.2631793307486854,0.5597786488740508,0.5756304287934286,0.8077954105607392,False
Dorea formicigenerans,Intercept,5.008053026122732,0.2376089691060563,21.07686862564265,1.2968490697969019e-98,3.0770691565181034e-97,True
Dorea formicigenerans,study_condition[T.adenoma],0.09310233017398932,0.32230208596255566,0.2888666695902357,0.7726834107041154,0.9653855482091309,False
Dorea formicigenerans,study_condition[T.CRC],-1.0863608996961007,0.4273032041090815,-2.542365442733202,0.011010498651636134,0.09909448786472522,False
Dorea longicatena,Intercept,5.596720776289695,0.29630634778130177,18.888291858062153,1.4237874143004422e-79,2.65434653666011e-78,True
Dorea longicatena,study_condition[T.adenoma],0.674506082016377,0.3668452496788396,1.8386665292978004,0.06596424929590977,0.593678243663188,False
Dorea longicatena,study_condition[T.CRC],-0.35011579362794776,0.44520329632843303,-0.7864177927596974,0.431622762916556,0.725334033736208,False
Dorea sp. CAG:317,Intercept,0.7019629870522053,0.24213882447885274,2.899010468738405,0.0037434239516573485,0.006144865731965836,True
Dorea sp. CAG:317,study_condition[T.adenoma],-0.4412114551282222,0.309645714567929,-1.4248912042715538,0.15418865257456754,0.6964426062917791,False
Dorea sp. CAG:317,study_condition[T.CRC],-0.4316702119875587,0.3141995957145817,-1.3738725888740069,0.16948124078928528,0.4856072419876522,False
Eggerthella lenta,Intercept,2.04825424837046,0.2845843549478148,7.1973536589741745,6.139238140196603e-13,2.54339865808145e-12,True
Eggerthella lenta,study_condition[T.adenoma],-0.7667664260412079,0.42432664799810044,-1.807019261360744,0.07075927603268918,0.6156057014843959,False
Eggerthella lenta,study_condition[T.CRC],-0.57927250160864,0.4299953011392636,-1.3471600737818985,0.1779286837658468,0.4888356469777475,False
Eisenbergiella massiliensis,Intercept,0.572636011967413,0.17962491889220614,3.1879541853046285,0.0014328323696081494,0.00249312832311818,True
Eisenbergiella massiliensis,study_condition[T.adenoma],-0.23677393756764462,0.28064641214309594,-0.8436734884995372,0.3988518861542165,0.8595186744353119,False
Eisenbergiella massiliensis,study_condition[T.CRC],0.16607030359480424,0.3112840076832693,0.5335009171553083,0.5936868763233387,0.81553828800206,False
Eisenbergiella tayi,Intercept,0.6908238587089421,0.18757817940863017,3.6828583201248324,0.00023063335424197703,0.00048329552349860694,True
Eisenbergiella tayi,study_condition[T.adenoma],0.04497965967533365,0.3311026084070797,0.13584809824280406,0.8919413665801326,0.9653855482091309,False
Eisenbergiella tayi,study_condition[T.CRC],0.5779811681370369,0.3288609728590897,1.75752435174085,0.07882847483824561,0.34290386554636837,False
Enorma massiliensis,Intercept,1.2540911109306574,0.27481828146816795,4.563346747643199,5.034456281180883e-06,1.3139930893882104e-05,True
Enorma massiliensis,study_condition[T.adenoma],-0.017518765207216985,0.4275855405765601,-0.04097136957342975,0.9673187204601135,0.9900791609415279,False
Enorma massiliensis,study_condition[T.CRC],0.16453556830317928,0.3980244056450685,0.41338060171591856,0.6793277846532344,0.8734214374113014,False
Enterocloster aldenensis,Intercept,0.0018314794628757625,0.11310568429373077,0.01619263854254651,0.987080708287078,0.987080708287078,False
Enterocloster aldenensis,study_condition[T.adenoma],-0.20652538313217295,0.12672787349972492,-1.6296760722700934,0.10316997707234019,0.6262177678111811,False
Enterocloster aldenensis,study_condition[T.CRC],0.18869454439817324,0.21195364777611025,0.8902632550938404,0.3733245465471322,0.6767004835249194,False
Enterocloster asparagiformis,Intercept,0.35472351860052065,0.16846076183559083,2.1056744296734977,0.035232642450370256,0.051372735639925345,False
Enterocloster asparagiformis,study_condition[T.adenoma],-0.03138338463924141,0.2644180398270976,-0.11868851557844895,0.9055221354707181,0.9653855482091309,False
Enterocloster asparagiformis,study_condition[T.CRC],-0.09204091281386562,0.2636885089155403,-0.34905166399703225,0.7270505235308042,0.8959234051360409,False
Enterocloster bolteae,Intercept,1.1965620487174373,0.2314236569326052,5.1704396368859475,2.335439046611996e-07,6.926699899610579e-07,True
Enterocloster bolteae,study_condition[T.adenoma],-0.14165573742301035,0.3475092078548845,-0.40763160866276676,0.683544154742136,0.9653855482091309,False
Enterocloster bolteae,study_condition[T.CRC],0.075709203029937,0.3767616161944263,0.20094722969568,0.8407398368962542,0.9405279416782631,False
Enterocloster citroniae,Intercept,0.6381876016929926,0.16778676649384025,3.8035633860100737,0.00014262947648797103,0.00031282599465008774,True
Enterocloster citroniae,study_condition[T.adenoma],0.34796976185549133,0.26999938520793876,1.2887798303225915,0.1974746399800147,0.7484641029798065,False
Enterocloster citroniae,study_condition[T.CRC],0.377638468341014,0.3003166399316059,1.2574676795365631,0.2085843353778042,0.5285486556660863,False
Enterocloster clostridioformis,Intercept,0.2798710944163876,0.1554649493507917,1.800219892555237,0.07182592399255558,0.09814956105789009,False
Enterocloster clostridioformis,study_condition[T.adenoma],-0.13996768071559063,0.2206708848835823,-0.634282500790407,0.5258964746375079,0.9267394758627414,False
Enterocloster clostridioformis,study_condition[T.CRC],0.22492736652004208,0.3288138466414087,0.6840568571473175,0.49393926343180694,0.7465603198429984,False
Enterocloster lavalensis,Intercept,0.2052092985438687,0.15903929315302795,1.2903056501038135,0.19694455593031746,0.24246475989534366,False
Enterocloster lavalensis,study_condition[T.adenoma],0.11989232109267949,0.2341294117797102,0.512077146486341,0.608597018266122,0.945498939092011,False
Enterocloster lavalensis,study_condition[T.CRC],0.4393835939147163,0.2797020408504711,1.5708987770654526,0.11620616272095051,0.4271804009882828,False
Enterococcus durans,Intercept,0.3340854046482402,0.18946219324103514,1.763335465156441,0.07784392714711057,0.10527080303313915,False
Enterococcus durans,study_condition[T.adenoma],0.3578319511006683,0.33267924792366754,1.0756064687953484,0.2821032931393156,0.8487200141244979,False
Enterococcus durans,study_condition[T.CRC],-0.10444455049275292,0.2914983026783937,-0.3583024310367434,0.7201169990152649,0.8959234051360409,False
Enterococcus faecalis,Intercept,1.3603509556646625,0.30878808735926244,4.405451542183197,1.0556374948435202e-05,2.7011900603348898e-05,True
Enterococcus faecalis,study_condition[T.adenoma],-0.06711571517187719,0.46876046922023956,-0.1431769946034932,0.8861503982614859,0.9653855482091309,False
Enterococcus faecalis,study_condition[T.CRC],-0.5097563887218285,0.4276545931769031,-1.1919815590778966,0.23326847614340418,0.5520942249100147,False
Enterococcus faecium,Intercept,1.0303391647210915,0.2728833520491029,3.775749443797844,0.0001595272878437551,0.00034410431510099236,True
Enterococcus faecium,study_condition[T.adenoma],-0.24456650896991652,0.3914420046953457,-0.6247835082498607,0.5321131559943365,0.9267394758627414,False
Enterococcus faecium,study_condition[T.CRC],-0.5501851482338432,0.37862814596232897,-1.4531015565033643,0.14619555897559994,0.47696301115789486,False
Erysipelatoclostridium ramosum,Intercept,1.1849940718240273,0.29171441449575997,4.062171812360856,4.8618271843752764e-05,0.00011431863920017543,True
Erysipelatoclostridium ramosum,study_condition[T.adenoma],-0.7100497003216791,0.3831816011865955,-1.8530370407213543,0.06387704973833018,0.593678243663188,False
Erysipelatoclostridium ramosum,study_condition[T.CRC],-0.06586878658472617,0.4090164214710043,-0.16104191207735088,0.8720603903683514,0.9405279416782631,False
Escherichia coli,Intercept,3.310661758194035,0.3709544139162297,8.924713210021707,4.468554839711897e-19,2.3325856263296105e-18,True
Escherichia coli,study_condition[T.adenoma],0.15617506578647034,0.5422544067485099,0.28801068989542056,0.7733385558698991,0.9653855482091309,False
Escherichia coli,study_condition[T.CRC],1.4552108157864263,0.5322742147005773,2.7339494861779707,0.006257964411896467,0.07101429180456426,False
Eubacteriaceae bacterium CHKCI005,Intercept,0.016274454260381432,0.09419953906231426,0.17276575259689606,0.8628355576604863,0.886614490351917,False
Eubacteriaceae bacterium CHKCI005,study_condition[T.adenoma],-0.10991583652676266,0.13598424456917313,-0.8082983206988376,0.4189188690196525,0.8677605143978515,False
Eubacteriaceae bacterium CHKCI005,study_condition[T.CRC],-0.11699021283378097,0.13980055018866813,-0.836836569497735,0.40268443857544645,0.7149703297155886,False
Eubacterium limosum,Intercept,-0.11638523035745685,0.08454783161774347,-1.3765607955938621,0.16864807883698474,0.21367547852647095,False
Eubacterium limosum,study_condition[T.adenoma],-0.01902158669032527,0.13765562343400145,-0.138182416495648,0.8900962513813931,0.9653855482091309,False
Eubacterium limosum,study_condition[T.CRC],0.4792829345205275,0.22319616795876954,2.147361842740348,0.03176448593437156,0.20220806899685312,False
Eubacterium ramulus,Intercept,3.823547993181468,0.2615902749630276,14.616552521770457,2.2027521042394523e-48,2.499644779158683e-47,True
Eubacterium ramulus,study_condition[T.adenoma],0.18939112896969496,0.35543633008793063,0.5328412234136052,0.5941434950008482,0.9399774114087164,False
Eubacterium ramulus,study_condition[T.CRC],-0.8955282672929196,0.42121682026303814,-2.1260505853818636,0.03349904777922615,0.20333142954367503,False
Eubacterium sp. CAG:180,Intercept,2.734812864995062,0.47201482343288476,5.793913091765267,6.876505256505278e-09,2.330867366166075e-08,True
Eubacterium sp. CAG:180,study_condition[T.adenoma],1.8301118077275405,0.7393278851629781,2.4753723543433086,0.013309732970142749,0.3492916184404706,False
Eubacterium sp. CAG:180,study_condition[T.CRC],0.4942795339785737,0.6897080406007181,0.7166503866593593,0.47358984599897336,0.7445149935550597,False
Eubacterium sp. CAG:251,Intercept,1.6335828146367941,0.3940272929536418,4.145862085825077,3.3853755752563276e-05,8.106266285705518e-05,True
Eubacterium sp. CAG:251,study_condition[T.adenoma],-0.4407569925166299,0.5769241694599702,-0.7639773402615468,0.4448807462353672,0.8747516817723414,False
Eubacterium sp. CAG:251,study_condition[T.CRC],-0.1715751593578041,0.5774140079853378,-0.2971440889639118,0.7663565054736692,0.908784696067832,False
Eubacterium sp. CAG:274,Intercept,1.3400480264783816,0.33450639943054383,4.0060460091635,6.174362725005864e-05,0.00014388470278808307,True
Eubacterium sp. CAG:274,study_condition[T.adenoma],0.15985163526141477,0.5094472352204784,0.3137746644011803,0.7536921881651237,0.9653855482091309,False
Eubacterium sp. CAG:274,study_condition[T.CRC],-0.9198339125901795,0.419947872792297,-2.190352594178093,0.028498675244497503,0.19538519291766024,False
Eubacterium sp. CAG:38,Intercept,3.3313370338254007,0.3305848983977482,10.077099861401571,6.975460985288916e-24,4.334750755143827e-23,True
Eubacterium sp. CAG:38,study_condition[T.adenoma],0.25384891862153974,0.5369791106696182,0.47273518387891783,0.6364021216278835,0.956207132699844,False
Eubacterium sp. CAG:38,study_condition[T.CRC],-0.8591074305379921,0.48199203042276695,-1.7824100323493899,0.07468239068720872,0.34290386554636837,False
Eubacterium sp. OM08-24,Intercept,0.3191498065714722,0.17991876973297324,1.7738549849197998,0.07608714030923286,0.10343095635786342,False
Eubacterium sp. OM08-24,study_condition[T.adenoma],0.36557908016473856,0.3466861731265744,1.05449570390356,0.2916560264887663,0.8487200141244979,False
Eubacterium sp. OM08-24,study_condition[T.CRC],-0.1038439635443732,0.2617295813221767,-0.3967605152607729,0.6915440701580925,0.8804536698110349,False
Eubacterium ventriosum,Intercept,3.9030599138538324,0.32487575354136655,12.0140080363272,2.999473262742853e-33,2.3723106714420743e-32,True
Eubacterium ventriosum,study_condition[T.adenoma],-0.1550518218912346,0.5148782873372423,-0.3011426694512689,0.7633057047756994,0.9653855482091309,False
Eubacterium ventriosum,study_condition[T.CRC],-1.577788438390774,0.485438361117657,-3.2502343546936157,0.0011530994130054834,0.023150688214956246,True
Faecalibacterium prausnitzii,Intercept,7.383247603871029,0.18816758605190026,39.23761663092487,0.0,0.0,True
Faecalibacterium prausnitzii,study_condition[T.adenoma],0.4163685714530444,0.24837563105738722,1.6763664361132207,0.09366643903037278,0.6252298761677587,False
Faecalibacterium prausnitzii,study_condition[T.CRC],-0.43109624896883575,0.2914165208995775,-1.4793130040743026,0.13905667890948334,0.4741550007824933,False
Faecalicoccus pleomorphus,Intercept,0.1346161474356915,0.1521287924261648,0.8848827712941124,0.3762198611036699,0.42879206876881154,False
Faecalicoccus pleomorphus,study_condition[T.adenoma],-0.06047715514996001,0.2290406215676729,-0.26404554238467814,0.7917448258782545,0.9653855482091309,False
Faecalicoccus pleomorphus,study_condition[T.CRC],0.13335334921938635,0.25976819418718816,0.513355184365998,0.6077028884808346,0.8195187262649573,False
Faecalitalea cylindroides,Intercept,1.0103845113504022,0.2838423244347404,3.5596682537128275,0.0003713235698260492,0.0007126136156220504,True
Faecalitalea cylindroides,study_condition[T.adenoma],0.3051232550098341,0.45930757349990464,0.6643113952700749,0.5064910292030778,0.9222058272802072,False
Faecalitalea cylindroides,study_condition[T.CRC],0.01733066953243201,0.4351040490128373,0.039831092291031954,0.9682277878298232,0.9794862504790072,False
Firmicutes bacterium CAG:110,Intercept,1.9728113092940003,0.28753641539360136,6.861083339977889,6.834027692355607e-12,2.7025473147042624e-11,True
Firmicutes bacterium CAG:110,study_condition[T.adenoma],0.6142570979154244,0.445472087090896,1.3788902059537769,0.1679286083384246,0.7185142094480135,False
Firmicutes bacterium CAG:110,study_condition[T.CRC],-0.2165893615538227,0.44227213080082173,-0.48971966911332293,0.6243322815280838,0.8313812524430096,False
Firmicutes bacterium CAG:145,Intercept,1.4189584718564863,0.26159754047958145,5.424204177360148,5.821331075046498e-08,1.8528870860818732e-07,True
Firmicutes bacterium CAG:145,study_condition[T.adenoma],0.030498686446151238,0.3923079230658627,0.07774170403647687,0.9380335194485572,0.9772731239906294,False
Firmicutes bacterium CAG:145,study_condition[T.CRC],-0.36481289661196503,0.3719168357288851,-0.9808991192802613,0.3266424918488058,0.6311264707031591,False
Firmicutes bacterium CAG:170,Intercept,0.49833650698876397,0.1851948011635857,2.6908774104764146,0.007126437652935476,0.011411044339976436,True
Firmicutes bacterium CAG:170,study_condition[T.adenoma],0.14694089432272614,0.3080374528807366,0.4770228196232278,0.6333458721805142,0.956207132699844,False
Firmicutes bacterium CAG:170,study_condition[T.CRC],0.1413834678696826,0.31728389556578973,0.44560555970722543,0.6558821938279579,0.8585096393695024,False
Firmicutes bacterium CAG:238,Intercept,0.754521120064565,0.23726346514047283,3.1800982069356847,0.0014722514839223284,0.002544752564925349,True
Firmicutes bacterium CAG:238,study_condition[T.adenoma],-0.10541776326587902,0.3525100699388926,-0.2990489414505325,0.7649027032986637,0.9653855482091309,False
Firmicutes bacterium CAG:238,study_condition[T.CRC],-0.23083900458031192,0.32507524464176246,-0.7101094543040328,0.47763626395203596,0.7445149935550597,False
Firmicutes bacterium CAG:83,Intercept,3.365497751551567,0.2724863766815429,12.351067941590534,4.806905614141803e-35,4.0471044041645504e-34,True
Firmicutes bacterium CAG:83,study_condition[T.adenoma],0.3142643622219214,0.42434298671650655,0.7405904470193917,0.4589418020121029,0.8872874838900655,False
Firmicutes bacterium CAG:83,study_condition[T.CRC],-0.04430462980477201,0.44166413624353945,-0.1003129440882242,0.9200958814313949,0.9605801002143762,False
Firmicutes bacterium CAG:94,Intercept,0.5866247555440314,0.19669472789131828,2.982412196976449,0.002859866675396012,0.004796134341764072,True
Firmicutes bacterium CAG:94,study_condition[T.adenoma],0.6806977149228767,0.3613198806194175,1.8839199043128867,0.05957581043096069,0.593678243663188,False
Firmicutes bacterium CAG:94,study_condition[T.CRC],0.3504946429805641,0.3422593012921918,1.0240617030925967,0.30580613166462867,0.613964618188216,False
Firmicutes bacterium CAG:95,Intercept,1.0774731606258374,0.2550756677423751,4.224131490715449,2.398639817703711e-05,5.9708901908753985e-05,True
Firmicutes bacterium CAG:95,study_condition[T.adenoma],-0.3131192967863135,0.36602506959751285,-0.8554586086975534,0.3922973094620187,0.8595186744353119,False
Firmicutes bacterium CAG:95,study_condition[T.CRC],-0.06162168527706813,0.3472502189407028,-0.17745614521150463,0.8591501095260281,0.9405279416782631,False
Flavonifractor plautii,Intercept,2.12228283314254,0.27219876564976836,7.796812847686571,6.349029391931969e-15,2.907187142621481e-14,True
Flavonifractor plautii,study_condition[T.adenoma],0.9304680549506409,0.3962595800957825,2.348127595364966,0.01886805651255805,0.36335287217965306,False
Flavonifractor plautii,study_condition[T.CRC],1.2712793953054229,0.4459306608335008,2.850845449669778,0.00436031574408387,0.054192495676470956,False
Fretibacterium fastidiosum,Intercept,-0.2130133074396401,0.039799231662522805,-5.352196475697932,8.68929763121952e-08,2.6998889068432077e-07,True
Fretibacterium fastidiosum,study_condition[T.adenoma],0.0045906147453454015,0.07199897797175975,0.06375944318467944,0.949161772167113,0.983060406887367,False
Fretibacterium fastidiosum,study_condition[T.CRC],0.0984008816402373,0.1304163985671817,0.7545131035768314,0.4505411801261269,0.7257453021828322,False
Fusicatenibacter saccharivorans,Intercept,5.593512808961232,0.2282675930690118,24.50419147877094,1.3327416343779429e-132,6.956911331452862e-131,True
Fusicatenibacter saccharivorans,study_condition[T.adenoma],0.04435192102665222,0.32538992519306253,0.13630391598737127,0.8915810282681529,0.9653855482091309,False
Fusicatenibacter saccharivorans,study_condition[T.CRC],-1.0379661735915302,0.38167534927873303,-2.7195001604190994,0.0065380663292419995,0.07110147133050675,False
Fusobacterium nucleatum,Intercept,-0.2335188326158164,0.035148684020458634,-6.643743261622384,3.058150833610646e-11,1.1567787935831574e-10,True
Fusobacterium nucleatum,study_condition[T.adenoma],0.010248535096869196,0.055317580467150136,0.18526723349650479,0.853019436986163,0.9653855482091309,False
Fusobacterium nucleatum,study_condition[T.CRC],0.9400663556439688,0.2255134233777413,4.168560529850728,3.0652936214231394e-05,0.0016000832703828788,True
Gemella haemolysans,Intercept,0.07961628628982531,0.10404182399271368,0.7652334727945662,0.4441325309377624,0.4911804685371016,False
Gemella haemolysans,study_condition[T.adenoma],-0.04829777982619361,0.14061599384709672,-0.343472876056416,0.7312427428496795,0.9653855482091309,False
Gemella haemolysans,study_condition[T.CRC],0.1913835098642046,0.1584210878776013,1.208068398141986,0.2270209541385877,0.548633972501587,False
Gemella morbillorum,Intercept,-0.018743076550483906,0.0934334142123844,-0.20060357109372925,0.8410085655075299,0.8676017217291119,False
Gemella morbillorum,study_condition[T.adenoma],-0.17465034090557405,0.10516106513067425,-1.660789006735066,0.09675582980644612,0.6252298761677587,False
Gemella morbillorum,study_condition[T.CRC],1.0428888848963014,0.29231335392686547,3.567708662250251,0.0003601165805752756,0.010443380836682992,True
Gemella sanguinis,Intercept,1.4423227337287674,0.16156929374241172,8.926960688633374,4.378729391806292e-19,2.3323436148192697e-18,True
Gemella sanguinis,study_condition[T.adenoma],-0.16311915495599147,0.2717518492836713,-0.6002503952998592,0.5483393722880108,0.9399774114087164,False
Gemella sanguinis,study_condition[T.CRC],-0.36505245299858013,0.24963117776815394,-1.46236722617086,0.14364060545948146,0.4745594686699324,False
Gemmiger formicilis,Intercept,3.1923214017963364,0.276679770439268,11.537964617825429,8.491063379659184e-31,6.331907263117278e-30,True
Gemmiger formicilis,study_condition[T.adenoma],0.7844347942436267,0.3938634091346217,1.9916417114429346,0.046410383346073295,0.5651414928789976,False
Gemmiger formicilis,study_condition[T.CRC],-0.38642038865552353,0.3820794210728861,-1.011361427345257,0.31184347565252435,0.6213064667580829,False
Gordonibacter pamelaeae,Intercept,2.1272480491679637,0.24040998993557683,8.848417862078056,8.876873040797253e-19,4.542870320878594e-18,True
Gordonibacter pamelaeae,study_condition[T.adenoma],-0.6049906443035059,0.4023563975053376,-1.5036188017750611,0.13267954715844152,0.6781682722922178,False
Gordonibacter pamelaeae,study_condition[T.CRC],-0.5059448163452267,0.35026763202283,-1.4444520991658454,0.1486118446311646,0.4788603882559749,False
Haemophilus parainfluenzae,Intercept,1.0133123632661611,0.20609104169588902,4.9168190666017395,8.796177990279579e-07,2.442343037726564e-06,True
Haemophilus parainfluenzae,study_condition[T.adenoma],-0.08533047810653695,0.321117241484805,-0.2657299798415673,0.7904471726435894,0.9653855482091309,False
Haemophilus parainfluenzae,study_condition[T.CRC],-0.022273402866443744,0.33044255280833007,-0.06740476575171361,0.9462594752985684,0.9786411539528008,False
Haemophilus sp. HMSC71H05,Intercept,0.09757428129152679,0.11667316122596463,0.8363044273957021,0.40298366306927125,0.45141088438231675,False
Haemophilus sp. HMSC71H05,study_condition[T.adenoma],0.03318623112714798,0.17327114369884206,0.19152774327402192,0.848112146855041,0.9653855482091309,False
Haemophilus sp. HMSC71H05,study_condition[T.CRC],0.16217296045290452,0.20009231264809554,0.8104907095462474,0.4176582024747587,0.7219125221583578,False
Hafnia alvei,Intercept,0.5544949658683098,0.220735303702336,2.51203571231203,0.012003694058538836,0.018321427773559277,True
Hafnia alvei,study_condition[T.adenoma],0.3270031705297813,0.39829914084948354,0.8209989352032149,0.4116468747295555,0.8595186744353119,False
Hafnia alvei,study_condition[T.CRC],0.015941714765016938,0.3446982248092465,0.04624832278680567,0.9631123276395455,0.9794862504790072,False
Harryflintia acetispora,Intercept,-0.12069586144115263,0.07354804453236383,-1.6410478648149787,0.10078747974133934,0.13218860408286215,False
Harryflintia acetispora,study_condition[T.adenoma],0.300812964692287,0.17764694163713937,1.6933191301808386,0.09039473870797661,0.6252298761677587,False
Harryflintia acetispora,study_condition[T.CRC],0.19164493466156662,0.1692256552793898,1.1324815634199368,0.25743203116618896,0.5818299556669364,False
Holdemanella biformis,Intercept,1.3844994267741857,0.3326384448939596,4.16217502223937,3.1523058374104036e-05,7.618072440408475e-05,True
Holdemanella biformis,study_condition[T.adenoma],-0.5689093479952265,0.4488256388073265,-1.2675509124367335,0.20495837118332239,0.7484641029798065,False
Holdemanella biformis,study_condition[T.CRC],0.14820610944008705,0.48274794626761924,0.3070051578384687,0.7588394462996209,0.9046942052599947,False
Holdemania filiformis,Intercept,0.6088355434185662,0.18819566958597844,3.2351198343616274,0.0012159168702879845,0.002129894651980966,True
Holdemania filiformis,study_condition[T.adenoma],0.20215962368276783,0.2777679800181637,0.7278003161831261,0.46673583096231297,0.8891828604464502,False
Holdemania filiformis,study_condition[T.CRC],0.10793846077594582,0.2805608257703439,0.38472392031059965,0.7004419709286647,0.883165963344838,False
Hungatella hathewayi,Intercept,0.41796425711961227,0.15445467162288104,2.706064198175374,0.0068085882259310854,0.01096939214177786,True
Hungatella hathewayi,study_condition[T.adenoma],0.2760018184999128,0.2808509569309157,0.9827341217420322,0.32573831243599816,0.8595186744353119,False
Hungatella hathewayi,study_condition[T.CRC],0.9868789278502652,0.3828211026560081,2.5779115127230745,0.00993994481868598,0.09265448563132288,False
Intestinibacter bartlettii,Intercept,2.54225738351011,0.2877352286696293,8.835405366469981,9.973593348081715e-19,5.005976661248707e-18,True
Intestinibacter bartlettii,study_condition[T.adenoma],-0.7703386084188624,0.4500176757647388,-1.7117963357990003,0.08693420757891417,0.6252298761677587,False
Intestinibacter bartlettii,study_condition[T.CRC],-1.2091216877908177,0.40602905246823423,-2.9779191425850335,0.002902125347172385,0.04552348830873774,True
Intestinimonas butyriciproducens,Intercept,0.4205274850110925,0.16388811113156215,2.5659425940513256,0.010289585581492849,0.015797540216291962,True
Intestinimonas butyriciproducens,study_condition[T.adenoma],0.28668523449551137,0.28003882986995654,1.0237338680090946,0.3059609939123955,0.8487200141244979,False
Intestinimonas butyriciproducens,study_condition[T.CRC],0.8112001475262426,0.31185868063885147,2.6011786680571976,0.009290405443499667,0.09265448563132288,False
Lachnoclostridium sp. An131,Intercept,-0.09609555826323657,0.08515142328720889,-1.1285255672017835,0.2590980254803167,0.30599359570299844,False
Lachnoclostridium sp. An131,study_condition[T.adenoma],-0.13036259947923107,0.14650293975493447,-0.8898292395858919,0.3735575836662941,0.8595186744353119,False
Lachnoclostridium sp. An131,study_condition[T.CRC],0.3966302202806936,0.2076783941521078,1.9098290021936213,0.05615523379400982,0.287382667063462,False
Lachnoclostridium sp. An138,Intercept,-0.11458480608347266,0.08997401808551504,-1.2735321654143144,0.20282926611441765,0.2485372697458357,False
Lachnoclostridium sp. An138,study_condition[T.adenoma],-0.02687001455858467,0.13681212764431158,-0.196400823678747,0.8442964516127499,0.9653855482091309,False
Lachnoclostridium sp. An138,study_condition[T.CRC],0.2209443393014564,0.16271231060717703,1.357883361602947,0.1745006977180279,0.4856072419876522,False
Lachnospira eligens,Intercept,5.854460051035996,0.34689097021112014,16.876945650885446,6.649743375835582e-64,1.0847393881831793e-62,True
Lachnospira eligens,study_condition[T.adenoma],-0.9677691979887576,0.620230417308053,-1.5603381759138892,0.11867998636491736,0.6733799226357268,False
Lachnospira eligens,study_condition[T.CRC],-1.7919209003398844,0.5412875808595443,-3.3104785029325474,0.0009313660587918984,0.02025721177872379,True
Lachnospira pectinoschiza,Intercept,2.948386010849795,0.4256263624232024,6.9271696284597155,4.293436675041486e-12,1.723979957208966e-11,True
Lachnospira pectinoschiza,study_condition[T.adenoma],0.9452029004398105,0.6697582675528002,1.4112597727138854,0.15816803126357992,0.6964426062917791,False
Lachnospira pectinoschiza,study_condition[T.CRC],-0.45629377728471404,0.5931315691158813,-0.7692960568004551,0.4417175775623533,0.725334033736208,False
Lacrimispora saccharolytica,Intercept,0.1716792881371898,0.1478276664046719,1.1613474819200968,0.2455006172811386,0.29392505096503285,False
Lacrimispora saccharolytica,study_condition[T.adenoma],0.17406888956212954,0.2766802702090587,0.6291337269209822,0.5292615118298303,0.9267394758627414,False
Lacrimispora saccharolytica,study_condition[T.CRC],0.07878353686987238,0.25091201506829125,0.3139886977848777,0.7535296228610583,0.9046942052599947,False
Lactobacillus delbrueckii,Intercept,0.1338060208982128,0.15262592865182373,0.8766925913581588,0.38065363190517965,0.43195912142283427,False
Lactobacillus delbrueckii,study_condition[T.adenoma],-0.1391748754670136,0.20221367348711908,-0.688256501486676,0.49129126881596574,0.9060241453834011,False
Lactobacillus delbrueckii,study_condition[T.CRC],-0.0421719324213331,0.2198764366952149,-0.19179832571050065,0.847900182506598,0.9405279416782631,False
Lactobacillus gasseri,Intercept,0.12136232354442278,0.12256557210201983,0.9901828177606391,0.3220847693147374,0.37866722878894804,False
Lactobacillus gasseri,study_condition[T.adenoma],-0.01008717452320381,0.19200588785877576,-0.05253575625047046,0.9581018052928381,0.9845061857536643,False
Lactobacillus gasseri,study_condition[T.CRC],0.0924809818111092,0.20888187504537148,0.442742970355955,0.657951657684516,0.8585096393695024,False
Lactobacillus paragasseri,Intercept,0.0033108435782249757,0.09213864130016575,0.03593327979993796,0.9713355595517607,0.980244349794576,False
Lactobacillus paragasseri,study_condition[T.adenoma],0.19116000218335602,0.2031522069879478,0.9409693599572697,0.34672056121602557,0.8595186744353119,False
Lactobacillus paragasseri,study_condition[T.CRC],0.4232127310190078,0.23885855361679634,1.7718131698058137,0.07642557567791948,0.34290386554636837,False
Lactobacillus rogosae,Intercept,1.2328427105206554,0.2694471168641271,4.575453338928602,4.751898725382868e-06,1.2527733003282108e-05,True
Lactobacillus rogosae,study_condition[T.adenoma],0.04716300043734924,0.4002736685507794,0.1178268873096409,0.9062048249472685,0.9653855482091309,False
Lactobacillus rogosae,study_condition[T.CRC],-0.3083435516639593,0.3563509005961167,-0.8652806858300374,0.38688474902843417,0.6963925482511815,False
Lactococcus lactis,Intercept,1.612709203127169,0.29778441500354286,5.41569377668063,6.105151175949612e-08,1.9198125987022274e-07,True
Lactococcus lactis,study_condition[T.adenoma],-0.491360666170982,0.40328871855545223,-1.2183843573184898,0.22307794667100056,0.7660966326464624,False
Lactococcus lactis,study_condition[T.CRC],-0.2339654793633208,0.4278289881460664,-0.5468668225993184,0.5844702306289506,0.81553828800206,False
Lactonifactor longoviformis,Intercept,-0.12524648109202907,0.10737509521336001,-1.1664388361487146,0.24343706431197065,0.29392505096503285,False
Lactonifactor longoviformis,study_condition[T.adenoma],0.0543318328438337,0.14732906247143024,0.36877878629255256,0.712292618005931,0.9653855482091309,False
Lactonifactor longoviformis,study_condition[T.CRC],0.025583499176038086,0.14654616856649902,0.17457637703048462,0.8614125119058789,0.9405279416782631,False
Lancefieldella parvula,Intercept,-0.1415747713669635,0.07660262100902149,-1.848171374583779,0.06457755507369269,0.09110671283369617,False
Lancefieldella parvula,study_condition[T.adenoma],0.006961306863828549,0.12335893283909119,0.05643131554087651,0.954998210500835,0.9845061857536643,False
Lancefieldella parvula,study_condition[T.CRC],0.22065476753748536,0.14419928896266776,1.5302070428004082,0.12596548865552482,0.44753062470171906,False
Lancefieldella rimae,Intercept,-0.18960876120315895,0.06591397146067286,-2.876609571557796,0.004019726105638418,0.006557178209822669,True
Lancefieldella rimae,study_condition[T.adenoma],-0.034257149520159284,0.09537923534988191,-0.35916779364494766,0.7194695682904912,0.9653855482091309,False
Lancefieldella rimae,study_condition[T.CRC],0.09315516183888972,0.11902180837087134,0.7826730505439702,0.4338191317000223,0.725334033736208,False
Latilactobacillus sakei,Intercept,0.17627060832516683,0.14475489283376228,1.2177177909115477,0.2233312339201241,0.2711137304797786,False
Latilactobacillus sakei,study_condition[T.adenoma],-0.27207124830604373,0.17951968128715995,-1.5155510880772909,0.1296329028996868,0.676683753136365,False
Latilactobacillus sakei,study_condition[T.CRC],-0.36016862407012784,0.1651515701666906,-2.1808368137620664,0.029195488596891764,0.19538519291766024,False
Lawsonibacter asaccharolyticus,Intercept,1.8461687501105413,0.2014845434511293,9.16283064938098,5.05535074692129e-20,2.8073330743541634e-19,True
Lawsonibacter asaccharolyticus,study_condition[T.adenoma],0.8563503079527455,0.3220208542333264,2.659300777247987,0.007830302400593552,0.3406181544258195,False
Lawsonibacter asaccharolyticus,study_condition[T.CRC],0.529955828370526,0.3288437473160084,1.6115733770095233,0.10705480791728972,0.41378732949540525,False
Leuconostoc mesenteroides,Intercept,0.4686140241614307,0.18253609515921065,2.5672403244558217,0.010251153777143182,0.015797540216291962,True
Leuconostoc mesenteroides,study_condition[T.adenoma],-0.22775208234082517,0.23829462017974817,-0.9557583892117637,0.3391943154255924,0.8595186744353119,False
Leuconostoc mesenteroides,study_condition[T.CRC],-0.2945581723262112,0.23317156349025903,-1.2632679899601764,0.20649288586922931,0.528378855018322,False
Leuconostoc pseudomesenteroides,Intercept,-0.06423562090374624,0.10786938091055827,-0.5954944800972604,0.551512987758702,0.5972817004357727,False
Leuconostoc pseudomesenteroides,study_condition[T.adenoma],0.18291886739895497,0.19689858356339338,0.9290004229007696,0.3528888671660443,0.8595186744353119,False
Leuconostoc pseudomesenteroides,study_condition[T.CRC],-0.07803434109072893,0.13472269368455492,-0.5792219481109964,0.5624394231342063,0.8021677018471466,False
Massilimicrobiota timonensis,Intercept,0.04990845584410053,0.11384089008520872,0.4384053551122499,0.661092465186861,0.7071521861220113,False
Massilimicrobiota timonensis,study_condition[T.adenoma],-0.14589524512603444,0.18203134358225945,-0.8014841963747018,0.4228513894904994,0.8690095484804751,False
Massilimicrobiota timonensis,study_condition[T.CRC],0.25097816578240517,0.23543968440755622,1.0659977157799412,0.28642467448226205,0.6077791873160195,False
Megasphaera elsdenii,Intercept,0.44551451406678133,0.24439499447439783,1.8229281455821806,0.06831427443405579,0.09534773062721154,False
Megasphaera elsdenii,study_condition[T.adenoma],-0.39264177089373536,0.3147387665419607,-1.247516393381394,0.21220821310538573,0.7484641029798065,False
Megasphaera elsdenii,study_condition[T.CRC],-0.0452563695623569,0.3534895950116884,-0.12802744465748833,0.8981272540639801,0.9490332522700357,False
Methanobrevibacter smithii,Intercept,3.083490059895042,0.42236116418307174,7.300600342503338,2.8648654407315665e-13,1.2257866885753096e-12,True
Methanobrevibacter smithii,study_condition[T.adenoma],-0.18446121401073542,0.6548322252899125,-0.2816923280296251,0.778179437717033,0.9653855482091309,False
Methanobrevibacter smithii,study_condition[T.CRC],0.41821428119245607,0.6356265234415732,0.657955994233929,0.5105664085234012,0.7486395091270096,False
Mitsuokella jalaludinii,Intercept,0.09352401439042701,0.1519488816078742,0.6154965630597999,0.5382268383884838,0.5877707314619008,False
Mitsuokella jalaludinii,study_condition[T.adenoma],-0.03347654234236936,0.23535343062796163,-0.14223944921069748,0.8868908725925896,0.9653855482091309,False
Mitsuokella jalaludinii,study_condition[T.CRC],0.3341468755041538,0.2806446164052664,1.1906406037079549,0.2337947044881331,0.5520942249100147,False
Mitsuokella multacida,Intercept,-0.004749586046154164,0.13895439634313836,-0.034180897986310466,0.9727328988382957,0.980244349794576,False
Mitsuokella multacida,study_condition[T.adenoma],-0.056396194025747345,0.1752037335404332,-0.3218892251102191,0.7475366162465713,0.9653855482091309,False
Mitsuokella multacida,study_condition[T.CRC],0.30164192140507395,0.2550527044871146,1.1826650574501674,0.23694191780986984,0.5520942249100147,False
Mogibacterium diversum,Intercept,1.0514514226091958,0.174163209746655,6.03716148857546,1.5684873795048598e-09,5.458336080676912e-09,True
Mogibacterium diversum,study_condition[T.adenoma],-0.046125911927851024,0.2629476542337681,-0.1754186096934858,0.8607507188813455,0.9653855482091309,False
Mogibacterium diversum,study_condition[T.CRC],0.14058553879276459,0.2628475877817494,0.5348557313354428,0.5927496217462546,0.81553828800206,False
Mogibacterium timidum,Intercept,-0.19926923097165705,0.054674839962547454,-3.6446239460080267,0.00026778306054047954,0.0005417936341167842,True
Mogibacterium timidum,study_condition[T.adenoma],0.1294044384273033,0.08717836217740112,1.4843641839012234,0.13771233115512468,0.6781682722922178,False
Mogibacterium timidum,study_condition[T.CRC],0.2873820784437733,0.12822595298318742,2.2412161637937205,0.025012076337620193,0.18558371533876947,False
Monoglobus pectinilyticus,Intercept,0.10088729777175587,0.16633858781423097,0.6065177004173443,0.5441710321488724,0.5917859974618987,False
Monoglobus pectinilyticus,study_condition[T.adenoma],0.6448588345073173,0.3450951790881757,1.8686405188597217,0.0616728445286486,0.593678243663188,False
Monoglobus pectinilyticus,study_condition[T.CRC],-0.2650982343073196,0.1913073908144953,-1.3857187282658459,0.16583280718047455,0.4856072419876522,False
Odoribacter splanchnicus,Intercept,4.793883004431352,0.20512536165648868,23.370503606762117,8.529137086217247e-121,3.1801496850038593e-119,True
Odoribacter splanchnicus,study_condition[T.adenoma],-0.13403237012101377,0.3220484993795022,-0.4161869109132843,0.677273236883103,0.9653855482091309,False
Odoribacter splanchnicus,study_condition[T.CRC],-0.17623489224134214,0.3701311902279489,-0.4761416948752851,0.6339734342065682,0.8399343468422045,False
Oscillibacter sp. 57_20,Intercept,2.643848630987602,0.2795947683023218,9.45600179517253,3.1994341904254622e-21,1.8978461902296492e-20,True
Oscillibacter sp. 57_20,study_condition[T.adenoma],0.731667359343735,0.43353910042146804,1.687661755611984,0.09147617719092355,0.6252298761677587,False
Oscillibacter sp. 57_20,study_condition[T.CRC],0.07244695720035949,0.4299134111590746,0.16851522962504883,0.866177963488393,0.9405279416782631,False
Oscillibacter sp. CAG:241,Intercept,2.6270567568135945,0.29012258414930125,9.05498882314406,1.3658177393665295e-19,7.426633957805505e-19,True
Oscillibacter sp. CAG:241,study_condition[T.adenoma],0.3631297858333244,0.4673505323733804,0.7769966239028675,0.4371607621844379,0.8747516817723414,False
Oscillibacter sp. CAG:241,study_condition[T.CRC],0.4595954519533183,0.485680875969977,0.9462910209001698,0.34400017187032506,0.6506090207112669,False
Oscillibacter sp. PC13,Intercept,-0.1833748327673561,0.052400878421176106,-3.4994610451654404,0.00046619971891420013,0.0008753822060187498,True
Oscillibacter sp. PC13,study_condition[T.adenoma],0.12752449503524557,0.0979797027030978,1.3015399263016303,0.19307370731532714,0.7484641029798065,False
Oscillibacter sp. PC13,study_condition[T.CRC],-0.09117014305140347,0.08619727724556618,-1.0576916808134225,0.29019602923300947,0.6108158357243183,False
Parabacteroides distasonis,Intercept,5.6376473358496595,0.23366519147046927,24.127031075410084,1.3011427264251571e-128,5.659970859949433e-127,True
Parabacteroides distasonis,study_condition[T.adenoma],-0.6821079700521606,0.42733317731908316,-1.5961970805342853,0.11044479922695603,0.6405798355163449,False
Parabacteroides distasonis,study_condition[T.CRC],0.3202958393399074,0.35571118512550287,0.9004379191137886,0.36788724898648284,0.6767004835249194,False
Parabacteroides goldsteinii,Intercept,1.338565285123396,0.2617390682056817,5.114121076000449,3.152051406105111e-07,9.243656370712742e-07,True
Parabacteroides goldsteinii,study_condition[T.adenoma],-0.6842931620372634,0.36392932218822077,-1.8802913651551099,0.06006837947527994,0.593678243663188,False
Parabacteroides goldsteinii,study_condition[T.CRC],-0.600865411238069,0.3657986857587551,-1.642612274540376,0.10046317952157485,0.40970140398642246,False
Parabacteroides johnsonii,Intercept,0.38108195221404095,0.22753783292338617,1.674806986240193,0.09397210772243801,0.12450111733784934,False
Parabacteroides johnsonii,study_condition[T.adenoma],0.11809587871139722,0.3699424860587339,0.3192276723053857,0.7495538743941512,0.9653855482091309,False
Parabacteroides johnsonii,study_condition[T.CRC],-0.21663847223626997,0.2989935308880751,-0.7245590618392549,0.4687225814198651,0.7414339015186957,False
Parabacteroides merdae,Intercept,3.801337994127554,0.36264241312974566,10.482331510317621,1.0414409992716935e-25,6.795402520247801e-25,True
Parabacteroides merdae,study_condition[T.adenoma],0.4244073343184363,0.5720934382078342,0.7418496804437295,0.45817841628201417,0.8872874838900655,False
Parabacteroides merdae,study_condition[T.CRC],0.9861130199492498,0.5044452089947473,1.9548466361973478,0.05060117474200293,0.2695287062788319,False
Parabacteroides sp. CAG:409,Intercept,0.024219497253406885,0.11949361598600237,0.2026844451359141,0.8393816818158628,0.8676017217291119,False
Parabacteroides sp. CAG:409,study_condition[T.adenoma],0.7213570415298037,0.3259588800799649,2.213030801163751,0.02689552219784976,0.4387332058524242,False
Parabacteroides sp. CAG:409,study_condition[T.CRC],0.4879736772080445,0.2943957211908787,1.6575433747274295,0.09740966712111053,0.40355433521602935,False
Paraprevotella clara,Intercept,-0.08446334513818776,0.09881711730991087,-0.8547440710428061,0.3926928467991877,0.4417794526490862,False
Paraprevotella clara,study_condition[T.adenoma],0.04914156960512009,0.15121941074351236,0.3249686621810115,0.745204789518598,0.9653855482091309,False
Paraprevotella clara,study_condition[T.CRC],0.014537633287747823,0.17725887150173814,0.08201357237911375,0.934635920618045,0.9718724114793217,False
Paraprevotella xylaniphila,Intercept,1.7315903016812246,0.32904759075230855,5.2624311812229125,1.421628835203068e-07,4.365236776329421e-07,True
Paraprevotella xylaniphila,study_condition[T.adenoma],-0.2917164686860274,0.5027169256537756,-0.5802797833127553,0.5617259584639321,0.9399774114087164,False
Paraprevotella xylaniphila,study_condition[T.CRC],-0.22682421035943012,0.44503106762560096,-0.5096817432760773,0.6102744453785149,0.8195187262649573,False
Parasutterella excrementihominis,Intercept,2.329798567521257,0.3064974280073047,7.601364170226353,2.930252286935341e-14,1.3186135291209036e-13,True
Parasutterella excrementihominis,study_condition[T.adenoma],-0.7964719016301048,0.4096045398912998,-1.9444899264091928,0.05183639902750416,0.5882304411381993,False
Parasutterella excrementihominis,study_condition[T.CRC],-0.5442554829209647,0.4257893137571337,-1.2782272014262035,0.20116932766395346,0.5198534110919986,False
Parvimonas micra,Intercept,0.28850071029779123,0.1592287680502559,1.8118629807318136,0.07000737068030474,0.09667684522518274,False
Parvimonas micra,study_condition[T.adenoma],-0.18069476010827062,0.23343633986858423,-0.7740643989277544,0.43889270921962464,0.8747516817723414,False
Parvimonas micra,study_condition[T.CRC],1.7684489544779787,0.38631983079586535,4.577681013254642,4.70158902500891e-06,0.0004090382451757752,True
Peptostreptococcus stomatis,Intercept,-0.23223222270021004,0.0597246044724956,-3.8883844397355154,0.00010091369743848492,0.00022903021766473535,True
Peptostreptococcus stomatis,study_condition[T.adenoma],0.026675988440743717,0.07219276656958669,0.3695105438995845,0.7117472155041881,0.9653855482091309,False
Peptostreptococcus stomatis,study_condition[T.CRC],1.632281722853539,0.3215777040439753,5.075854769553074,3.8575786252796835e-07,0.00010068280211979975,True
Phascolarctobacterium faecium,Intercept,0.9888860240318476,0.2962831254498584,3.3376386945101335,0.0008449354094988288,0.0015104667251999613,True
Phascolarctobacterium faecium,study_condition[T.adenoma],0.09961199831536462,0.45740013258292656,0.21777868264457703,0.8276015547162316,0.9653855482091309,False
Phascolarctobacterium faecium,study_condition[T.CRC],0.7734680918605845,0.48276839776740854,1.6021514569668067,0.10912212150223966,0.41378732949540525,False
Phascolarctobacterium sp. CAG:266,Intercept,0.27954883162543176,0.1955796135876565,1.429335228235029,0.1529079053222235,0.19467786970292847,False
Phascolarctobacterium sp. CAG:266,study_condition[T.adenoma],1.3403103567850443,0.4821430543193049,2.77990182535619,0.005437533452183901,0.33226326329871253,False
Phascolarctobacterium sp. CAG:266,study_condition[T.CRC],0.5304523213559821,0.38215216152817716,1.3880657360009996,0.1651170289971473,0.4856072419876522,False
Phascolarctobacterium succinatutens,Intercept,2.3829684072607087,0.4125915628768648,5.775611092590106,7.667429024243224e-09,2.5656397119583095e-08,True
Phascolarctobacterium succinatutens,study_condition[T.adenoma],-0.5290828188623486,0.6344063163366089,-0.8339810074993377,0.4042916864049163,0.8595186744353119,False
Phascolarctobacterium succinatutens,study_condition[T.CRC],-0.7538065933561844,0.5825156214211706,-1.2940538684904501,0.19564681448415078,0.5157961472763976,False
Phocaeicola coprocola,Intercept,0.17594576891450053,0.18904053057895262,0.9307304014416999,0.3519930394874965,0.4065052358683035,False
Phocaeicola coprocola,study_condition[T.adenoma],0.5678958028756202,0.40427415243750103,1.4047294378124122,0.16010174857282278,0.6964426062917791,False
Phocaeicola coprocola,study_condition[T.CRC],0.10333244935633501,0.29020813821952823,0.3560632378895215,0.7217932073101923,0.8959234051360409,False
Phocaeicola dorei,Intercept,3.8456740145239605,0.43610926400479694,8.818143368955493,1.1637318896692401e-18,5.7308306264843714e-18,True
Phocaeicola dorei,study_condition[T.adenoma],0.9490439676638677,0.6379165520988466,1.4877243183945652,0.13682361158857484,0.6781682722922178,False
Phocaeicola dorei,study_condition[T.CRC],0.1242218695482098,0.6205737677414027,0.20017260800487766,0.8413455892540872,0.9405279416782631,False
Phocaeicola massiliensis,Intercept,1.9199990214306109,0.37017129472296134,5.186785276982514,2.1395517633363533e-07,6.418655290009061e-07,True
Phocaeicola massiliensis,study_condition[T.adenoma],0.46229895730870085,0.56189323607641,0.822752308849353,0.4106488621852886,0.8595186744353119,False
Phocaeicola massiliensis,study_condition[T.CRC],0.133321138391153,0.539841562658762,0.2469634567122545,0.804936505525817,0.9275143812408553,False
Phocaeicola plebeius,Intercept,1.4812753455638177,0.4104414607042258,3.608980786254586,0.00030740237384136213,0.0006171693813276578,True
Phocaeicola plebeius,study_condition[T.adenoma],0.8396783087015532,0.6640360940395726,1.2645070294198697,0.2060480992783248,0.7484641029798065,False
Phocaeicola plebeius,study_condition[T.CRC],0.4277132226156484,0.5678942438990394,0.7531564674420042,0.4513558953688852,0.7257453021828322,False
Phocaeicola vulgatus,Intercept,7.3275764344526975,0.23374071135938285,31.349166312694003,9.986876223805038e-216,6.516436736032788e-214,True
Phocaeicola vulgatus,study_condition[T.adenoma],-0.4106725026762487,0.41538676551025533,-0.988650907478442,0.32283396976183,0.8595186744353119,False
Phocaeicola vulgatus,study_condition[T.CRC],-0.284707097033827,0.3795998235629687,-0.7500190446916772,0.45324323469655803,0.7257453021828322,False
Prevotella copri,Intercept,2.16803690081821,0.4405357429413124,4.921364351375759,8.594296058881851e-07,2.411947603621681e-06,True
Prevotella copri,study_condition[T.adenoma],1.3509738311084487,0.7747419400816313,1.7437726825090973,0.08119873569839736,0.6252298761677587,False
Prevotella copri,study_condition[T.CRC],0.27411925621932304,0.6622031016082446,0.4139504263172273,0.6789104127603269,0.8734214374113014,False
Prevotella sp. CAG:1185,Intercept,0.35006506059147746,0.19430154082106085,1.801658695614075,0.07159912037817337,0.09814956105789009,False
Prevotella sp. CAG:1185,study_condition[T.adenoma],-0.23375937380117306,0.27770155866083707,-0.841764716512335,0.39991966533237977,0.8595186744353119,False
Prevotella sp. CAG:1185,study_condition[T.CRC],-0.18808463545860532,0.2755331204007006,-0.6826207868770141,0.49484649552811777,0.7465603198429984,False
Prevotella sp. CAG:279,Intercept,0.5429046989987274,0.26779019843582197,2.0273508969703338,0.042626539810231345,0.06180848272483545,False
Prevotella sp. CAG:279,study_condition[T.adenoma],-0.41578408277434487,0.3569410803893271,-1.1648535447946642,0.2440782804912619,0.8167234770284533,False
Prevotella sp. CAG:279,study_condition[T.CRC],0.5084985397750384,0.43187651296742685,1.1774165172380897,0.23902930043996806,0.5520942249100147,False
Propionibacterium freudenreichii,Intercept,0.009247122732451984,0.1470297464531543,0.06289287001796091,0.9498518125074247,0.9646354983052057,False
Propionibacterium freudenreichii,study_condition[T.adenoma],-0.03473763630861564,0.179472275919333,-0.19355433105572856,0.8465248603779348,0.9653855482091309,False
Propionibacterium freudenreichii,study_condition[T.CRC],-0.17322489401085162,0.16905038324459323,-1.0246938852556071,0.3055076491657758,0.613964618188216,False
Proteobacteria bacterium CAG:139,Intercept,1.5222735090859327,0.2770900779614445,5.493785704220518,3.9340782979309654e-08,1.2834930446999775e-07,True
Proteobacteria bacterium CAG:139,study_condition[T.adenoma],-0.3148459664254291,0.44465869343951664,-0.7080620958741136,0.4789066967570441,0.8933342650435938,False
Proteobacteria bacterium CAG:139,study_condition[T.CRC],-0.7957759399718843,0.3489658510888441,-2.280383417142114,0.02258495826204037,0.17337276783507463,False
Romboutsia ilealis,Intercept,0.239021887255495,0.1372971992247972,1.7409086900902007,0.08169958521534254,0.10935175251899694,False
Romboutsia ilealis,study_condition[T.adenoma],-0.37770084691613864,0.15445159053525703,-2.4454319026900535,0.014467876752352974,0.3492916184404706,False
Romboutsia ilealis,study_condition[T.CRC],-0.0339702775080758,0.17807944008251184,-0.19075912127944647,0.8487143169841775,0.9405279416782631,False
Roseburia faecis,Intercept,5.402857248488897,0.36761646995549774,14.696994531128995,6.738476524801763e-49,7.994283513514818e-48,True
Roseburia faecis,study_condition[T.adenoma],0.3627614465917149,0.5511137586477232,0.658233333680198,0.5103882085178979,0.9222058272802072,False
Roseburia faecis,study_condition[T.CRC],-0.6403742758842343,0.5427130242595987,-1.1799500790641075,0.2380200703612657,0.5520942249100147,False
Roseburia hominis,Intercept,3.1185507012264733,0.2777005384005137,11.229905131580058,2.907905969910909e-29,1.9972722582809137e-28,True
Roseburia hominis,study_condition[T.adenoma],0.35645375425697884,0.41487666249725413,0.8591800563362323,0.3902411847193642,0.8595186744353119,False
Roseburia hominis,study_condition[T.CRC],-0.41435454509042885,0.4184489373346337,-0.9902153121231838,0.3220688898274695,0.6273132854102205,False
Roseburia intestinalis,Intercept,4.181340783535385,0.3686252966667441,11.34306522461894,8.028228871024644e-30,5.663156041452519e-29,True
Roseburia intestinalis,study_condition[T.adenoma],-0.15566491227479567,0.5323096843322095,-0.2924329893980412,0.7699555881317501,0.9653855482091309,False
Roseburia intestinalis,study_condition[T.CRC],-1.6696631361932572,0.5181773879197386,-3.2221844779762456,0.0012721719657573427,0.02371692021876189,True
Roseburia inulinivorans,Intercept,5.325181273000185,0.23393037181935805,22.763958487238718,1.0438410059584158e-114,3.405531281939332e-113,True
Roseburia inulinivorans,study_condition[T.adenoma],0.335354865876258,0.40477742145970547,0.828492025733312,0.40739190912394885,0.8595186744353119,False
Roseburia inulinivorans,study_condition[T.CRC],-0.24375477531510328,0.4073118898022691,-0.5984474831643997,0.5495413907503897,0.7924326131815012,False
Roseburia sp. CAG:182,Intercept,-0.10712383008835324,0.07950282487771593,-1.3474216828536778,0.17784446114078778,0.22316059787377698,False
Roseburia sp. CAG:182,study_condition[T.adenoma],0.6671512429881687,0.28559310521095477,2.336020130791933,0.019490192377452656,0.36335287217965306,False
Roseburia sp. CAG:182,study_condition[T.CRC],0.27597624552395994,0.18712044778063228,1.4748588344951823,0.14025049963713906,0.4741550007824933,False
Roseburia sp. CAG:303,Intercept,0.8041786476008408,0.2642794944295417,3.042909739693176,0.0023430259924786395,0.003996926693051797,True
Roseburia sp. CAG:303,study_condition[T.adenoma],0.09703718644984362,0.40147898552768874,0.24169929173827523,0.8090131784052045,0.9653855482091309,False
Roseburia sp. CAG:303,study_condition[T.CRC],-0.4731411320923817,0.3482720683827625,-1.3585388408822494,0.1742927666425501,0.4856072419876522,False
Roseburia sp. CAG:309,Intercept,0.9723534028392624,0.20676342709362644,4.702734020746146,2.567007310946012e-06,6.97905112663447e-06,True
Roseburia sp. CAG:309,study_condition[T.adenoma],-0.14850071470371115,0.3128183855520154,-0.4747186276844283,0.6349875389515804,0.956207132699844,False
Roseburia sp. CAG:309,study_condition[T.CRC],-0.25425428853136667,0.2856108999886542,-0.8902121331555163,0.37335199091030036,0.6767004835249194,False
Roseburia sp. CAG:471,Intercept,1.34884548714758,0.2641006139061748,5.107316742651628,3.2676574846659936e-07,9.476206705531381e-07,True
Roseburia sp. CAG:471,study_condition[T.adenoma],-0.42759050789638614,0.4130983376209548,-1.0350816475294773,0.3006307825667084,0.8487200141244979,False
Roseburia sp. CAG:471,study_condition[T.CRC],-0.7322726317011998,0.34040704745248784,-2.151167659956883,0.031462968642423025,0.20220806899685312,False
Rothia dentocariosa,Intercept,-0.07589433864954565,0.07753243659400738,-0.9788720951330407,0.3276431816056973,0.38347475515285645,False
Rothia dentocariosa,study_condition[T.adenoma],-0.03738663891059312,0.11786893454586189,-0.3171882316120052,0.7511007790555037,0.9653855482091309,False
Rothia dentocariosa,study_condition[T.CRC],-0.04685043148902901,0.12161040663210333,-0.38525018365213815,0.7000520660302391,0.883165963344838,False
Rothia mucilaginosa,Intercept,0.20359888995885989,0.15230553602377905,1.3367793139644808,0.18129468340595345,0.22640149458829595,False
Rothia mucilaginosa,study_condition[T.adenoma],0.3270754750490726,0.24739039351685105,1.322102569947987,0.18613399814200504,0.7484641029798065,False
Rothia mucilaginosa,study_condition[T.CRC],-0.03989965242656013,0.2170672798037963,-0.18381237588007182,0.8541606470170875,0.9405279416782631,False
Ruminococcaceae bacterium D16,Intercept,-0.0020776542815656995,0.1256082542027786,-0.01654074642428825,0.9868029955818954,0.987080708287078,False
Ruminococcaceae bacterium D16,study_condition[T.adenoma],0.11654516858717252,0.21520691728423796,0.5415493612282157,0.5881289844305413,0.9399774114087164,False
Ruminococcaceae bacterium D16,study_condition[T.CRC],0.11715839247414761,0.22904612253572526,0.5115056791929492,0.6089970127130655,0.8195187262649573,False
Ruminococcaceae bacterium D5,Intercept,-0.06298784451612072,0.08690343466139559,-0.7248027049971282,0.4685730760752843,0.5160235141588574,False
Ruminococcaceae bacterium D5,study_condition[T.adenoma],0.07643107967519133,0.13905203841396355,0.5496581031602925,0.5825538984623015,0.9399774114087164,False
Ruminococcaceae bacterium D5,study_condition[T.CRC],0.8256308223909536,0.26915260286622916,3.0675193685617015,0.0021584347235940908,0.03755676419053718,True
Ruminococcus bicirculans,Intercept,3.690187075058952,0.3921918722189688,9.40913704860932,5.002268356303275e-21,2.9013156466558995e-20,True
Ruminococcus bicirculans,study_condition[T.adenoma],-0.8068117075440048,0.6305686025451799,-1.2794987005179934,0.20072149692908892,0.7484641029798065,False
Ruminococcus bicirculans,study_condition[T.CRC],-1.984358627141133,0.5288348878869489,-3.7523217030366145,0.0001752044335342731,0.006532622450349326,True
Ruminococcus bromii,Intercept,6.522328203989577,0.4272972064446496,15.264148947424617,1.3254582119849897e-52,1.8207610175162227e-51,True
Ruminococcus bromii,study_condition[T.adenoma],-1.8577991278771473,0.6809239637660879,-2.7283503397382876,0.006365196614917864,0.33226326329871253,False
Ruminococcus bromii,study_condition[T.CRC],-1.2924223273807338,0.6220075055521164,-2.077824328234646,0.03772554222937389,0.22378105731514966,False
Ruminococcus callidus,Intercept,0.4550794822128541,0.2081118527455102,2.186706216917633,0.028763977480595518,0.04217639394626646,True
Ruminococcus callidus,study_condition[T.adenoma],0.5808324424274087,0.3420374706538816,1.6981544195056077,0.08947862076471208,0.6252298761677587,False
Ruminococcus callidus,study_condition[T.CRC],-0.006255986193109516,0.30130127856204825,-0.02076322484579565,0.9834345337321309,0.9910286227956994,False
Ruminococcus obeum CAG:39,Intercept,0.2708424955005295,0.16851317713660927,1.6072481695657814,0.10799993911402143,0.14093992054379798,False
Ruminococcus obeum CAG:39,study_condition[T.adenoma],-0.019063701176821254,0.24081637248408916,-0.07916281181455302,0.9369031236018317,0.9772731239906294,False
Ruminococcus obeum CAG:39,study_condition[T.CRC],-0.19727890826889527,0.21934271521582502,-0.8994094382153527,0.36843461377081377,0.6767004835249194,False
Ruminococcus sp. CAG:403,Intercept,0.20782834985540966,0.1831491990706624,1.1347488873004876,0.2564805475414864,0.30427919503785433,False
Ruminococcus sp. CAG:403,study_condition[T.adenoma],0.5463840907357369,0.39980351741815573,1.366631525065529,0.1717408307088233,0.7229734970161754,False
Ruminococcus sp. CAG:403,study_condition[T.CRC],0.05138635629822719,0.2768507959061854,0.18561028921744602,0.8527503841543232,0.9405279416782631,False
Ruthenibacterium lactatiformans,Intercept,3.168086881062644,0.2212815393990423,14.316995849118516,1.7137261030438404e-46,1.8636771370601764e-45,True
Ruthenibacterium lactatiformans,study_condition[T.adenoma],0.08318825126637887,0.36647149616097235,0.22699787606356836,0.8204253937206857,0.9653855482091309,False
Ruthenibacterium lactatiformans,study_condition[T.CRC],0.9985712898187924,0.3472745067123517,2.875452330988152,0.004034490605888768,0.054192495676470956,False
Sanguibacteroides justesenii,Intercept,0.5082483239931435,0.16871663540837414,3.012437527354323,0.0025915877274251473,0.004392236343233529,True
Sanguibacteroides justesenii,study_condition[T.adenoma],-0.11543741336126344,0.2498299230868405,-0.4620639991196634,0.6440354261364714,0.9605328355521087,False
Sanguibacteroides justesenii,study_condition[T.CRC],-0.2757339181176066,0.22388079207265055,-1.2316104278750695,0.21809464372108966,0.5370955588630218,False
Schaalia odontolytica,Intercept,0.6681080829674837,0.1273205107499839,5.247450540623661,1.5421843275578028e-07,4.680350110378913e-07,True
Schaalia odontolytica,study_condition[T.adenoma],-0.15719421556946833,0.21492371545505443,-0.7313953941129466,0.4645376777726128,0.8891828604464502,False
Schaalia odontolytica,study_condition[T.CRC],-0.19045115257905532,0.20321972185115253,-0.9371686509764564,0.34867181259772206,0.6547003099856508,False
Sellimonas intestinalis,Intercept,0.9244574998485309,0.29896102102891353,3.092234220591331,0.001986560370803162,0.0034111332682870083,True
Sellimonas intestinalis,study_condition[T.adenoma],-0.3311725985555401,0.4307557468074714,-0.7688175979311066,0.44200160041197056,0.8747516817723414,False
Sellimonas intestinalis,study_condition[T.CRC],0.025889178305660957,0.4336500312447746,0.05970062594333762,0.952394073195446,0.9786411539528008,False
Slackia isoflavoniconvertens,Intercept,1.041474406367053,0.28947321015287536,3.597826568534732,0.0003208874650365031,0.0006344820331403584,True
Slackia isoflavoniconvertens,study_condition[T.adenoma],0.8433613147399518,0.5135486855327325,1.6422227112996821,0.10054385762968276,0.6252298761677587,False
Slackia isoflavoniconvertens,study_condition[T.CRC],0.3134053135270537,0.41263680560502114,0.7595185627407349,0.44754241414194196,0.7257453021828322,False
Solobacterium moorei,Intercept,-0.14976051056149764,0.07442286789923591,-2.01229158172545,0.04418920931685531,0.06357577358204354,False
Solobacterium moorei,study_condition[T.adenoma],0.03690412984616788,0.09658174543475923,0.38210253583682174,0.7023853109529319,0.9653855482091309,False
Solobacterium moorei,study_condition[T.CRC],0.994482788152294,0.26751762536539964,3.7174477262720163,0.0002012456098171051,0.006565638020283054,True
Streptococcus australis,Intercept,0.6063810817022688,0.16377386535501098,3.7025509557817577,0.00021344247336976496,0.000452914516662672,True
Streptococcus australis,study_condition[T.adenoma],-0.11113435942069182,0.23583533096546908,-0.4712371083913804,0.637471421799896,0.956207132699844,False
Streptococcus australis,study_condition[T.CRC],-0.37776632559677137,0.22650653734774853,-1.6677943604638585,0.09535655579701317,0.4014203397261361,False
Streptococcus gordonii,Intercept,0.8803743758376701,0.1894917954489771,4.645976221565336,3.384719916045159e-06,9.01440712334476e-06,True
Streptococcus gordonii,study_condition[T.adenoma],-0.16222003866768672,0.31057078945431893,-0.5223287062917656,0.6014414854607495,0.9399774114087164,False
Streptococcus gordonii,study_condition[T.CRC],-0.20088763076393623,0.28885697783704045,-0.6954570814531875,0.48676889885164,0.7465603198429984,False
Streptococcus infantis,Intercept,0.5242901772551889,0.14963834037184154,3.503715531409677,0.00045881519710598226,0.0008677591771352272,True
Streptococcus infantis,study_condition[T.adenoma],-0.04543014683289701,0.2533552818323874,-0.17931399142076024,0.8576911613385121,0.9653855482091309,False
Streptococcus infantis,study_condition[T.CRC],-0.17817767021490383,0.21823819884257817,-0.8164366786376788,0.4142504257745381,0.7207957408476963,False
Streptococcus milleri,Intercept,-0.059573587035961495,0.06661619840247276,-0.8942807975327236,0.3711716714401454,0.4248938870433243,False
Streptococcus milleri,study_condition[T.adenoma],-0.029935450594355276,0.1268090069270927,-0.23606722676699374,0.8133805045261999,0.9653855482091309,False
Streptococcus milleri,study_condition[T.CRC],0.3061393259637607,0.1626321154552379,1.882403885031066,0.05978119882987125,0.30005563258839224,False
Streptococcus mitis,Intercept,0.8810756132819719,0.17735280808590456,4.967925925679195,6.767280151420485e-07,1.9198479560008116e-06,True
Streptococcus mitis,study_condition[T.adenoma],-0.17917517833011407,0.2746210240244071,-0.6524452341791201,0.5141139916329199,0.9222058272802072,False
Streptococcus mitis,study_condition[T.CRC],-0.25174219423382127,0.2578552890800898,-0.9762925365305584,0.32891951743951175,0.6311264707031591,False
Streptococcus mutans,Intercept,0.48640193145842225,0.21521939327148737,2.26002835555276,0.023819491038299705,0.035123656276814824,True
Streptococcus mutans,study_condition[T.adenoma],-0.19828048359919673,0.2891853695578429,-0.6856518498925536,0.49293267679863206,0.9060241453834011,False
Streptococcus mutans,study_condition[T.CRC],-0.27193878592621423,0.2799057471128992,-0.9715369860431216,0.33128094439207967,0.6311264707031591,False
Streptococcus oralis,Intercept,0.6631863096807447,0.18168848144994929,3.6501285298233737,0.0002621091196703949,0.0005344568768279146,True
Streptococcus oralis,study_condition[T.adenoma],0.004686196233915934,0.2763903564481736,0.016954991824378828,0.9864725219258552,0.9923681364405078,False
Streptococcus oralis,study_condition[T.CRC],0.652688001191999,0.3267277974403573,1.9976506630451125,0.045754546536213546,0.25210446907992723,False
Streptococcus parasanguinis,Intercept,2.8185749360336327,0.2535133446608693,11.118053528125339,1.0248348148691313e-28,6.858509914893417e-28,True
Streptococcus parasanguinis,study_condition[T.adenoma],-0.47062486106525303,0.43862708524788097,-1.0729498402938094,0.28329362215685294,0.8487200141244979,False
Streptococcus parasanguinis,study_condition[T.CRC],-0.2691979455513821,0.3983172594585235,-0.6758380139422844,0.49914349650178613,0.7486395091270096,False
Streptococcus salivarius,Intercept,4.359258029985821,0.22160573863487817,19.671232599117015,3.804199504924024e-86,7.637662082962849e-85,True
Streptococcus salivarius,study_condition[T.adenoma],-0.498679550525788,0.39945105750119986,-1.2484121425170844,0.2118801645440639,0.7484641029798065,False
Streptococcus salivarius,study_condition[T.CRC],-1.626892056197268,0.38640615814066265,-4.210316067491434,2.550136690876162e-05,0.0016000832703828788,True
Streptococcus sanguinis,Intercept,0.8442922715646564,0.16601075047297612,5.085768657506874,3.6614013569725945e-07,1.0501381913954365e-06,True
Streptococcus sanguinis,study_condition[T.adenoma],-0.6092726155402802,0.2229766428549413,-2.7324503936344846,0.006286513743673788,0.33226326329871253,False
Streptococcus sanguinis,study_condition[T.CRC],-0.39345981418596404,0.24984850322941787,-1.5747935612993376,0.11530410311121851,0.4271804009882828,False
Streptococcus sp. A12,Intercept,0.2905594587218747,0.1125194365627756,2.5823046008568395,0.00981429207370017,0.015338504378657152,True
Streptococcus sp. A12,study_condition[T.adenoma],-0.1752670517256454,0.19726216454104908,-0.8884980661822424,0.37427289560232824,0.8595186744353119,False
Streptococcus sp. A12,study_condition[T.CRC],-0.24897271205419425,0.15551738755200029,-1.6009316769865707,0.10939205262522209,0.41378732949540525,False
Streptococcus sp. F0442,Intercept,-0.08968278585316547,0.068047376093343,-1.3179462751090416,0.18752163327828553,0.23306260136015486,False
Streptococcus sp. F0442,study_condition[T.adenoma],0.1144546611871647,0.15862345442066508,0.7215494178032087,0.4705715474157859,0.8899940135907255,False
Streptococcus sp. F0442,study_condition[T.CRC],0.03305907913788697,0.11789182460892568,0.2804187588711223,0.7791562466566109,0.9107895670349836,False
Streptococcus thermophilus,Intercept,3.8633931664947294,0.36965669247381794,10.451300477316169,1.4452962882249388e-25,9.200544664066074e-25,True
Streptococcus thermophilus,study_condition[T.adenoma],-0.78601651125016,0.551299408150667,-1.4257525033209288,0.1539397953696172,0.6964426062917791,False
Streptococcus thermophilus,study_condition[T.CRC],-1.1765443315050548,0.5099756413562905,-2.3070598595180183,0.02105148329688619,0.16649809516628167,False
Streptococcus vestibularis,Intercept,0.6887859971245778,0.1781429632995368,3.8664788345662866,0.0001104180419032385,0.00024844059428228663,True
Streptococcus vestibularis,study_condition[T.adenoma],-0.06788375418464031,0.2847071703588017,-0.2384335951184156,0.8115448135082466,0.9653855482091309,False
Streptococcus vestibularis,study_condition[T.CRC],-0.2640400203089184,0.2568738395835723,-1.0278976665625563,0.3039979673192874,0.613964618188216,False
Tractidigestivibacter scatoligenes,Intercept,0.019877827653408175,0.16546639720136497,0.12013211135078851,0.904378495405085,0.9220421378934656,False
Tractidigestivibacter scatoligenes,study_condition[T.adenoma],0.2942251749951965,0.2590018529574638,1.135996409429231,0.25595806701842183,0.8247537715038037,False
Tractidigestivibacter scatoligenes,study_condition[T.CRC],0.5266335578676543,0.26436578724584997,1.9920639631704895,0.04636404029056133,0.25210446907992723,False
Turicibacter sanguinis,Intercept,0.8264257536297581,0.22950081584345045,3.6009708749510003,0.0003170310939709127,0.0006316421032550245,True
Turicibacter sanguinis,study_condition[T.adenoma],-0.4922450637011985,0.29980295570781446,-1.6418952993276577,0.1006117042109037,0.6252298761677587,False
Turicibacter sanguinis,study_condition[T.CRC],-0.04379754798724217,0.3317574307004312,-0.13201678073878706,0.8949710188102474,0.9490332522700357,False
Turicimonas muris,Intercept,0.748490561785113,0.16803027062494144,4.454498341288819,8.408957919381356e-06,2.173007937582707e-05,True
Turicimonas muris,study_condition[T.adenoma],-0.1289200815679744,0.29997358443521227,-0.42977144741162476,0.6673619047289112,0.9653855482091309,False
Turicimonas muris,study_condition[T.CRC],-0.5165573316320067,0.2041428323634225,-2.5303721205964873,0.011394161127352519,0.09912920180796692,False
Veillonella atypica,Intercept,0.17074832801124806,0.14686334282473743,1.162634083680189,0.2449779959817433,0.29392505096503285,False
Veillonella atypica,study_condition[T.adenoma],0.24101785223036618,0.28677703031519475,0.8404363904789203,0.4006637526291331,0.8595186744353119,False
Veillonella atypica,study_condition[T.CRC],0.35710098291795245,0.2632229873057906,1.3566481657739953,0.17489302968137665,0.4856072419876522,False
Veillonella dispar,Intercept,0.2937631148674793,0.1271342669452467,2.3106525244999063,0.02085205553804897,0.030922650542220348,True
Veillonella dispar,study_condition[T.adenoma],0.00044091652269430577,0.20777397433112693,0.00212209697635962,0.9983068128568566,0.9983068128568566,False
Veillonella dispar,study_condition[T.CRC],0.133891805189431,0.22813961105533936,0.5868853925456774,0.5572806809411119,0.7991772402507155,False
Veillonella infantium,Intercept,-0.02562119358950099,0.09346238889572937,-0.2741337332826479,0.7839818510174016,0.815216187711322,False
Veillonella infantium,study_condition[T.adenoma],0.0023359009308423027,0.1629971069758248,0.014330934911554937,0.9885659596725365,0.9923681364405078,False
Veillonella infantium,study_condition[T.CRC],0.1274510342752595,0.16080177673571916,0.7925971768628387,0.4280125540783909,0.725334033736208,False
Veillonella parvula,Intercept,0.817804485799833,0.19936684116225825,4.102008543809189,4.095791454748947e-05,9.718196088086139e-05,True
Veillonella parvula,study_condition[T.adenoma],-0.045021867386248346,0.28759216851508135,-0.1565476126095812,0.8756013924021114,0.9653855482091309,False
Veillonella parvula,study_condition[T.CRC],0.5124188149489072,0.4126666094161514,1.2417258950848655,0.21433771237540167,0.5370955588630218,False
Victivallis vadensis,Intercept,0.2668567718997181,0.15222235983761054,1.7530720991607183,0.0795896320185269,0.10707677297337896,False
Victivallis vadensis,study_condition[T.adenoma],-0.017736053241399916,0.23496472672711677,-0.07548389704467516,0.9398297092783447,0.9772731239906294,False
Victivallis vadensis,study_condition[T.CRC],-0.06854410481391293,0.21819196388723175,-0.3141458722528324,0.7534102507060793,0.9046942052599947,False
